TradeID,TradeDate,TradeTime,Symbol,AssetClass,Side,Quantity,Price,GrossNotional,Fees,Venue,ClearingMember,Key
T100001,2026-06-30,09:19:04,HINDUNILVR,Equity,SELL,300,2366.59,709977.0,248.49,NSE,QE-CLEARING,T100001
T100002,2026-06-30,10:54:01,HDFCBANK,Equity,SELL,250,1681.46,420365.0,147.13,NSE,QE-CLEARING,T100002
T100003,2026-06-30,13:12:42,HINDUNILVR,Equity,SELL,50,2356.8,117840.0,41.24,BSE,QE-CLEARING,T100003
T100004,2026-06-30,09:28:33,MARUTI,Equity,BUY,75,12605.02,945376.5,330.88,BSE,QE-CLEARING,T100004
T100005,2026-06-30,11:18:51,ITC,Equity,BUY,200,447.27,89454.0,31.31,BSE,QE-CLEARING,T100005
T100006,2026-06-30,10:53:38,BHARTIARTL,Equity,SELL,150,1584.58,237687.0,83.19,NSE,QE-CLEARING,T100006
T100007,2026-06-30,15:55:39,KOTAKBANK,Equity,SELL,200,1787.84,357568.0,125.15,BSE,QE-CLEARING,T100007
T100008,2026-06-30,11:07:14,RELIANCE,Equity,SELL,75,1424.09,106806.75,37.38,NSE,QE-CLEARING,T100008
T100009,2026-06-30,10:41:48,ITC,Equity,BUY,200,446.63,89326.0,31.26,NSE,QE-CLEARING,T100009
T100010,2026-06-30,11:48:51,SBIN,Equity,BUY,500,815.39,407695.0,142.69,BSE,QE-CLEARING,T100010
T100011,2026-06-30,12:29:09,RELIANCE,Equity,BUY,200,1418.74,283748.0,99.31,BSE,QE-CLEARING,T100011
T100012,2026-06-30,11:44:38,INFY,Equity,SELL,50,1558.76,77938.0,27.28,BSE,QE-CLEARING,T100012
T100013,2026-06-30,11:07:00,SUNPHARMA,Equity,BUY,500,1726.41,863205.0,302.12,NSE,QE-CLEARING,T100013
T100014,2026-06-30,09:44:46,TATAMOTORS,Equity,BUY,50,982.34,49117.0,17.19,BSE,QE-CLEARING,T100014
T100015,2026-06-30,12:04:44,KOTAKBANK,Equity,SELL,150,1788.7,268305.0,93.91,BSE,QE-CLEARING,T100015
T100016,2026-06-30,10:02:17,HINDUNILVR,Equity,BUY,150,2362.07,354310.5,124.01,BSE,QE-CLEARING,T100016
T100017,2026-06-30,14:16:52,TCS,Equity,BUY,300,3894.51,1168353.0,408.92,BSE,QE-CLEARING,T100017
T100018,2026-06-30,10:06:57,ITC,Equity,SELL,75,447.76,33582.0,11.75,NSE,QE-CLEARING,T100018
T100019,2026-06-30,14:44:46,TATAMOTORS,Equity,BUY,300,985.76,295728.0,103.5,NSE,QE-CLEARING,T100019
T100020,2026-06-30,11:06:04,HINDUNILVR,Equity,BUY,75,2355.69,176676.75,61.84,NSE,QE-CLEARING,T100020
T100021,2026-06-30,09:19:29,ICICIBANK,Equity,SELL,500,1242.12,621060.0,217.37,NSE,QE-CLEARING,T100021
T100022,2026-06-30,11:08:54,KOTAKBANK,Equity,BUY,500,1789.76,894880.0,313.21,BSE,QE-CLEARING,T100022
T100023,2026-06-30,13:36:50,LT,Equity,BUY,250,3619.7,904925.0,316.72,NSE,QE-CLEARING,T100023
T100024,2026-06-30,09:49:35,RELIANCE,Equity,BUY,50,1417.53,70876.5,24.81,BSE,QE-CLEARING,T100024
T100025,2026-06-30,12:08:45,HINDUNILVR,Equity,SELL,100,2369.34,236934.0,82.93,BSE,QE-CLEARING,T100025
T100026,2026-06-30,09:06:13,TCS,Equity,SELL,300,3900.36,1170108.0,409.54,NSE,QE-CLEARING,T100026
T100027,2026-06-30,14:46:49,TATAMOTORS,Equity,SELL,50,986.06,49303.0,17.26,NSE,QE-CLEARING,T100027
T100028,2026-06-30,12:04:49,AXISBANK,Equity,BUY,500,1130.21,565105.0,197.79,NSE,QE-CLEARING,T100028
T100029,2026-06-30,12:18:14,KOTAKBANK,Equity,BUY,250,1797.58,449395.0,157.29,NSE,QE-CLEARING,T100029
T100030,2026-06-30,15:48:16,LT,Equity,SELL,50,3626.46,181323.0,63.46,NSE,QE-CLEARING,T100030
T100031,2026-06-30,09:37:41,HDFCBANK,Equity,BUY,300,1679.6,503880.0,176.36,NSE,QE-CLEARING,T100031
T100032,2026-06-30,14:54:58,TCS,Equity,SELL,150,3880.43,582064.5,203.72,NSE,QE-CLEARING,T100032
T100033,2026-06-30,14:00:59,ITC,Equity,BUY,250,447.57,111892.5,39.16,NSE,QE-CLEARING,T100033
T100034,2026-06-30,09:28:50,ITC,Equity,SELL,50,448.36,22418.0,7.85,NSE,QE-CLEARING,T100034
T100035,2026-06-30,10:13:33,ITC,Equity,BUY,150,449.26,67389.0,23.59,BSE,QE-CLEARING,T100035
T100036,2026-06-30,15:14:31,KOTAKBANK,Equity,SELL,150,1800.74,270111.0,94.54,NSE,QE-CLEARING,T100036
T100037,2026-06-30,13:06:28,TATAMOTORS,Equity,SELL,500,982.38,491190.0,171.92,BSE,QE-CLEARING,T100037
T100038,2026-06-30,13:51:50,HDFCBANK,Equity,SELL,150,1691.53,253729.5,88.81,NSE,QE-CLEARING,T100038
T100039,2026-06-30,11:33:07,INFY,Equity,BUY,300,1554.87,466461.0,163.26,NSE,QE-CLEARING,T100039
T100040,2026-06-30,15:16:11,HDFCBANK,Equity,BUY,50,1685.75,84287.5,29.5,BSE,QE-CLEARING,T100040
T100041,2026-06-30,15:02:37,INFY,Equity,BUY,300,1556.02,466806.0,163.38,BSE,QE-CLEARING,T100041
T100042,2026-06-30,10:24:28,ITC,Equity,SELL,200,447.93,89586.0,31.36,NSE,QE-CLEARING,T100042
T100043,2026-06-30,15:27:52,BAJFINANCE,Equity,SELL,100,7177.18,717718.0,251.2,NSE,QE-CLEARING,T100043
T100044,2026-06-30,10:00:22,TCS,Equity,BUY,300,3883.27,1164981.0,407.74,NSE,QE-CLEARING,T100044
T100045,2026-06-30,14:55:00,BAJFINANCE,Equity,SELL,250,7159.74,1789935.0,626.48,NSE,QE-CLEARING,T100045
T100046,2026-06-30,13:11:22,KOTAKBANK,Equity,SELL,200,1800.89,360178.0,126.06,NSE,QE-CLEARING,T100046
T100047,2026-06-30,14:37:42,HINDUNILVR,Equity,BUY,100,2351.96,235196.0,82.32,NSE,QE-CLEARING,T100047
T100048,2026-06-30,11:31:39,AXISBANK,Equity,SELL,250,1134.39,283597.5,99.26,BSE,QE-CLEARING,T100048
T100049,2026-06-30,09:25:12,ITC,Equity,SELL,100,449.48,44948.0,15.73,NSE,QE-CLEARING,T100049
T100050,2026-06-30,14:33:37,ITC,Equity,BUY,200,447.65,89530.0,31.34,NSE,QE-CLEARING,T100050
T100051,2026-06-30,15:56:02,AXISBANK,Equity,BUY,300,1126.03,337809.0,118.23,BSE,QE-CLEARING,T100051
T100052,2026-06-30,14:45:39,INFY,Equity,BUY,300,1554.92,466476.0,163.27,BSE,QE-CLEARING,T100052
T100053,2026-06-30,12:30:51,HINDUNILVR,Equity,SELL,100,2361.31,236131.0,82.65,NSE,QE-CLEARING,T100053
T100054,2026-06-30,10:20:27,RELIANCE,Equity,SELL,150,1416.97,212545.5,74.39,BSE,QE-CLEARING,T100054
T100055,2026-06-30,15:33:34,KOTAKBANK,Equity,BUY,100,1800.96,180096.0,63.03,BSE,QE-CLEARING,T100055
T100056,2026-06-30,14:36:50,KOTAKBANK,Equity,SELL,75,1800.54,135040.5,47.26,BSE,QE-CLEARING,T100056
T100057,2026-06-30,10:35:38,INFY,Equity,BUY,500,1561.36,780680.0,273.24,NSE,QE-CLEARING,T100057
T100058,2026-06-30,15:51:21,INFY,Equity,SELL,300,1556.38,466914.0,163.42,BSE,QE-CLEARING,T100058
T100059,2026-06-30,09:30:11,MARUTI,Equity,SELL,300,12646.97,3794091.0,1327.93,BSE,QE-CLEARING,T100059
T100060,2026-06-30,14:31:50,TCS,Equity,SELL,50,3882.75,194137.5,67.95,BSE,QE-CLEARING,T100060
T100061,2026-06-30,14:38:06,HINDUNILVR,Equity,SELL,75,2351.83,176387.25,61.74,BSE,QE-CLEARING,T100061
T100062,2026-06-30,15:27:12,INFY,Equity,SELL,150,1559.69,233953.5,81.88,NSE,QE-CLEARING,T100062
T100063,2026-06-30,12:22:56,MARUTI,Equity,SELL,150,12698.81,1904821.5,666.69,NSE,QE-CLEARING,T100063
T100064,2026-06-30,12:56:52,ITC,Equity,SELL,100,447.06,44706.0,15.65,BSE,QE-CLEARING,T100064
T100065,2026-06-30,14:23:48,TATAMOTORS,Equity,BUY,50,981.87,49093.5,17.18,NSE,QE-CLEARING,T100065
T100066,2026-06-30,11:41:40,TCS,Equity,BUY,150,3875.44,581316.0,203.46,NSE,QE-CLEARING,T100066
T100067,2026-06-30,14:43:34,SBIN,Equity,SELL,100,816.12,81612.0,28.56,BSE,QE-CLEARING,T100067
T100068,2026-06-30,14:59:35,TATAMOTORS,Equity,BUY,75,982.04,73653.0,25.78,NSE,QE-CLEARING,T100068
T100069,2026-06-30,10:36:09,RELIANCE,Equity,BUY,200,1415.15,283030.0,99.06,NSE,QE-CLEARING,T100069
T100070,2026-06-30,15:55:53,SUNPHARMA,Equity,SELL,150,1716.61,257491.5,90.12,BSE,QE-CLEARING,T100070
T100071,2026-06-30,10:52:23,LT,Equity,BUY,500,3631.74,1815870.0,635.55,BSE,QE-CLEARING,T100071
T100072,2026-06-30,13:27:09,ICICIBANK,Equity,BUY,150,1241.78,186267.0,65.19,NSE,QE-CLEARING,T100072
T100073,2026-06-30,09:42:20,TATAMOTORS,Equity,SELL,500,987.8,493900.0,172.87,BSE,QE-CLEARING,T100073
T100074,2026-06-30,15:45:17,KOTAKBANK,Equity,BUY,500,1790.51,895255.0,313.34,BSE,QE-CLEARING,T100074
T100075,2026-06-30,15:50:51,LT,Equity,SELL,500,3615.63,1807815.0,632.74,NSE,QE-CLEARING,T100075
T100076,2026-06-30,13:03:47,BHARTIARTL,Equity,BUY,50,1579.65,78982.5,27.64,NSE,QE-CLEARING,T100076
T100077,2026-06-30,15:42:10,TCS,Equity,BUY,500,3876.83,1938415.0,678.45,BSE,QE-CLEARING,T100077
T100078,2026-06-30,14:12:35,ITC,Equity,BUY,300,448.97,134691.0,47.14,NSE,QE-CLEARING,T100078
T100079,2026-06-30,09:24:03,ITC,Equity,SELL,150,446.7,67005.0,23.45,BSE,QE-CLEARING,T100079
T100080,2026-06-30,15:37:46,ICICIBANK,Equity,BUY,100,1237.52,123752.0,43.31,BSE,QE-CLEARING,T100080
T100081,2026-06-30,09:54:38,ITC,Equity,BUY,150,449.3,67395.0,23.59,BSE,QE-CLEARING,T100081
T100082,2026-06-30,14:21:57,TCS,Equity,BUY,200,3889.32,777864.0,272.25,BSE,QE-CLEARING,T100082
T100083,2026-06-30,11:22:46,LT,Equity,SELL,200,3632.5,726500.0,254.28,NSE,QE-CLEARING,T100083
T100084,2026-06-30,09:11:38,TATAMOTORS,Equity,BUY,300,981.35,294405.0,103.04,NSE,QE-CLEARING,T100084
T100086,2026-06-30,15:12:32,SUNPHARMA,Equity,SELL,75,1721.93,129144.75,45.2,BSE,QE-CLEARING,T100086
T100087,2026-06-30,12:13:17,AXISBANK,Equity,BUY,50,1130.85,56542.5,19.79,BSE,QE-CLEARING,T100087
T100088,2026-06-30,09:23:24,RELIANCE,Equity,SELL,100,1424.44,142444.0,49.86,NSE,QE-CLEARING,T100088
T100089,2026-06-30,13:46:44,BHARTIARTL,Equity,BUY,500,1584.84,792420.0,277.35,NSE,QE-CLEARING,T100089
T100090,2026-06-30,12:32:03,BAJFINANCE,Equity,SELL,50,7193.27,359663.5,125.88,NSE,QE-CLEARING,T100090
T100091,2026-06-30,11:08:13,ITC,Equity,SELL,500,448.47,224235.0,78.48,BSE,QE-CLEARING,T100091
T100092,2026-06-30,09:01:13,BAJFINANCE,Equity,SELL,500,7174.35,3587175.0,1255.51,NSE,QE-CLEARING,T100092
T100093,2026-06-30,12:15:33,TCS,Equity,SELL,150,3894.15,584122.5,204.44,NSE,QE-CLEARING,T100093
T100094,2026-06-30,13:02:11,ITC,Equity,BUY,500,446.45,223225.0,78.13,NSE,QE-CLEARING,T100094
T100095,2026-06-30,10:40:10,SUNPHARMA,Equity,SELL,300,1724.49,517347.0,181.07,BSE,QE-CLEARING,T100095
T100096,2026-06-30,09:39:58,MARUTI,Equity,SELL,250,12637.34,3159335.0,1105.77,NSE,QE-CLEARING,T100096
T100097,2026-06-30,14:42:43,BHARTIARTL,Equity,SELL,250,1585.04,396260.0,138.69,NSE,QE-CLEARING,T100097
T100098,2026-06-30,09:17:37,BAJFINANCE,Equity,BUY,250,7181.9,1795475.0,628.42,BSE,QE-CLEARING,T100098
T100099,2026-06-30,15:32:01,ICICIBANK,Equity,BUY,150,1242.72,186408.0,65.24,BSE,QE-CLEARING,T100099
T100100,2026-06-30,15:27:55,MARUTI,Equity,BUY,200,12697.13,2539426.0,888.8,NSE,QE-CLEARING,T100100
T100101,2026-06-30,13:21:48,TCS,Equity,BUY,500,3896.81,1948405.0,681.94,BSE,QE-CLEARING,T100101
T100102,2026-06-30,14:42:01,AXISBANK,Equity,BUY,300,1125.72,337716.0,118.2,NSE,QE-CLEARING,T100102
T100103,2026-06-30,10:18:58,SBIN,Equity,BUY,150,811.78,121767.0,42.62,NSE,QE-CLEARING,T100103
T100104,2026-06-30,12:38:44,INFY,Equity,SELL,75,1556.42,116731.5,40.86,BSE,QE-CLEARING,T100104
T100105,2026-06-30,11:22:54,BHARTIARTL,Equity,BUY,150,1585.93,237889.5,83.26,BSE,QE-CLEARING,T100105
T100106,2026-06-30,12:20:29,AXISBANK,Equity,SELL,200,1128.11,225622.0,78.97,NSE,QE-CLEARING,T100106
T100107,2026-06-30,10:48:20,MARUTI,Equity,BUY,500,12606.04,6303020.0,2206.06,NSE,QE-CLEARING,T100107
T100108,2026-06-30,11:08:09,INFY,Equity,SELL,200,1555.84,311168.0,108.91,NSE,QE-CLEARING,T100108
T100109,2026-06-30,10:32:10,BAJFINANCE,Equity,BUY,500,7191.67,3595835.0,1258.54,NSE,QE-CLEARING,T100109
T100110,2026-06-30,10:02:08,BAJFINANCE,Equity,BUY,75,7188.31,539123.25,188.69,NSE,QE-CLEARING,T100110
T100111,2026-06-30,15:16:51,HINDUNILVR,Equity,BUY,75,2359.67,176975.25,61.94,BSE,QE-CLEARING,T100111
T100112,2026-06-30,09:15:48,ICICIBANK,Equity,BUY,250,1237.55,309387.5,108.29,NSE,QE-CLEARING,T100112
T100113,2026-06-30,13:40:08,HDFCBANK,Equity,SELL,300,1691.64,507492.0,177.62,NSE,QE-CLEARING,T100113
T100114,2026-06-30,15:55:27,KOTAKBANK,Equity,SELL,200,1797.65,359530.0,125.84,NSE,QE-CLEARING,T100114
T100115,2026-06-30,12:08:52,ITC,Equity,BUY,75,447.89,33591.75,11.76,NSE,QE-CLEARING,T100115
T100116,2026-06-30,15:07:39,AXISBANK,Equity,BUY,500,1133.87,566935.0,198.43,BSE,QE-CLEARING,T100116
T100117,2026-06-30,13:05:19,AXISBANK,Equity,BUY,500,1133.12,566560.0,198.3,NSE,QE-CLEARING,T100117
T100118,2026-06-30,11:18:51,BAJFINANCE,Equity,BUY,200,7177.83,1435566.0,502.45,NSE,QE-CLEARING,T100118
T100119,2026-06-30,12:25:20,SUNPHARMA,Equity,SELL,150,1723.44,258516.0,90.48,NSE,QE-CLEARING,T100119
T100120,2026-06-30,13:55:41,HINDUNILVR,Equity,SELL,50,2359.63,117981.5,41.29,BSE,QE-CLEARING,T100120
T100121,2026-06-30,12:37:58,ITC,Equity,SELL,200,447.52,89504.0,31.33,BSE,QE-CLEARING,T100121
T100122,2026-06-30,10:32:56,BHARTIARTL,Equity,SELL,500,1579.44,789720.0,276.4,BSE,QE-CLEARING,T100122
T100123,2026-06-30,14:54:32,ITC,Equity,SELL,75,448.38,33628.5,11.77,NSE,QE-CLEARING,T100123
T100124,2026-06-30,15:28:14,ICICIBANK,Equity,BUY,50,1244.55,62227.5,21.78,BSE,QE-CLEARING,T100124
T100125,2026-06-30,14:13:31,ICICIBANK,Equity,BUY,100,1239.62,123962.0,39.05,NSE,QE-CLEARING,T100125
T100126,2026-06-30,13:23:59,ITC,Equity,BUY,200,447.91,89582.0,31.35,BSE,QE-CLEARING,T100126
T100127,2026-06-30,11:57:03,AXISBANK,Equity,SELL,250,1127.68,281920.0,98.67,BSE,QE-CLEARING,T100127
T100128,2026-06-30,14:31:56,TATAMOTORS,Equity,SELL,300,984.82,295446.0,103.41,NSE,QE-CLEARING,T100128
T100129,2026-06-30,13:24:53,AXISBANK,Equity,BUY,250,1132.75,283187.5,99.12,NSE,QE-CLEARING,T100129
T100130,2026-06-30,11:56:26,KOTAKBANK,Equity,BUY,300,1790.25,537075.0,187.98,BSE,QE-CLEARING,T100130
T100131,2026-06-30,12:26:59,TATAMOTORS,Equity,BUY,50,988.38,49419.0,17.3,BSE,QE-CLEARING,T100131
T100132,2026-06-30,10:38:54,SUNPHARMA,Equity,BUY,100,1722.43,172243.0,60.29,BSE,QE-CLEARING,T100132
T100133,2026-06-30,15:43:10,ICICIBANK,Equity,BUY,300,1237.36,371208.0,129.92,NSE,QE-CLEARING,T100133
T100134,2026-06-30,14:18:24,ITC,Equity,BUY,200,448.32,89664.0,31.38,BSE,QE-CLEARING,T100134
T100135,2026-06-30,11:31:00,SBIN,Equity,SELL,200,817.66,163532.0,57.24,NSE,QE-CLEARING,T100135
T100136,2026-06-30,15:11:04,SUNPHARMA,Equity,SELL,75,1724.91,129368.25,45.28,NSE,QE-CLEARING,T100136
T100137,2026-06-30,13:35:24,ICICIBANK,Equity,BUY,250,1235.71,308927.5,108.12,BSE,QE-CLEARING,T100137
T100138,2026-06-30,15:30:20,LT,Equity,SELL,250,3610.45,902612.5,315.91,BSE,QE-CLEARING,T100138
T100139,2026-06-30,15:05:34,SBIN,Equity,SELL,250,814.83,203707.5,71.3,NSE,QE-CLEARING,T100139
T100140,2026-06-30,10:48:29,SBIN,Equity,BUY,250,814.83,203707.5,71.3,NSE,QE-CLEARING,T100140
T100141,2026-06-30,12:36:49,SBIN,Equity,SELL,150,814.03,122104.5,42.74,NSE,QE-CLEARING,T100141
T100142,2026-06-30,10:28:16,MARUTI,Equity,BUY,50,12668.43,633421.5,221.7,NSE,QE-CLEARING,T100142
T100143,2026-06-30,15:24:28,ITC,Equity,BUY,250,446.36,111590.0,39.06,BSE,QE-CLEARING,T100143
T100144,2026-06-30,09:47:18,ITC,Equity,BUY,150,446.5,66975.0,23.44,BSE,QE-CLEARING,T100144
T100145,2026-06-30,09:08:13,SBIN,Equity,BUY,100,816.2,81620.0,28.57,NSE,QE-CLEARING,T100145
T100146,2026-06-30,09:43:53,TCS,Equity,BUY,200,3883.68,776736.0,271.86,BSE,QE-CLEARING,T100146
T100147,2026-06-30,13:29:58,LT,Equity,BUY,300,3608.71,1082613.0,378.91,BSE,QE-CLEARING,T100147
T100148,2026-06-30,14:39:26,TATAMOTORS,Equity,BUY,200,987.62,197524.0,69.13,NSE,QE-CLEARING,T100148
T100149,2026-06-30,11:24:16,BAJFINANCE,Equity,SELL,200,7186.46,1437292.0,503.05,NSE,QE-CLEARING,T100149
T100150,2026-06-30,09:28:21,RELIANCE,Equity,BUY,300,1420.61,426183.0,149.16,NSE,QE-CLEARING,T100150
T100151,2026-06-30,14:44:41,ITC,Equity,BUY,100,447.99,44799.0,15.68,NSE,QE-CLEARING,T100151
T100152,2026-06-30,13:25:16,ICICIBANK,Equity,SELL,300,1244.71,373413.0,130.69,BSE,QE-CLEARING,T100152
T100153,2026-06-30,09:19:52,BHARTIARTL,Equity,SELL,200,1579.4,315880.0,110.56,NSE,QE-CLEARING,T100153
T100154,2026-06-30,13:01:39,ICICIBANK,Equity,SELL,50,1244.78,62239.0,21.78,NSE,QE-CLEARING,T100154
T100155,2026-06-30,15:40:06,RELIANCE,Equity,BUY,500,1415.98,707990.0,247.8,BSE,QE-CLEARING,T100155
T100156,2026-06-30,09:34:44,RELIANCE,Equity,SELL,100,1417.97,141797.0,49.63,BSE,QE-CLEARING,T100156
T100157,2026-06-30,12:08:26,RELIANCE,Equity,BUY,100,1424.35,142435.0,49.85,NSE,QE-CLEARING,T100157
T100158,2026-06-30,13:07:08,AXISBANK,Equity,BUY,200,1132.81,226562.0,79.3,BSE,QE-CLEARING,T100158
T100159,2026-06-30,15:18:06,LT,Equity,BUY,300,3614.24,1084272.0,379.5,NSE,QE-CLEARING,T100159
T100160,2026-06-30,14:36:50,ICICIBANK,Equity,BUY,100,1236.93,123693.0,43.29,BSE,QE-CLEARING,T100160
T100161,2026-06-30,15:22:31,BAJFINANCE,Equity,BUY,500,7187.4,3593700.0,1257.8,NSE,QE-CLEARING,T100161
T100162,2026-06-30,10:22:30,BHARTIARTL,Equity,SELL,200,1583.66,316732.0,110.86,NSE,QE-CLEARING,T100162
T100163,2026-06-30,15:06:19,TCS,Equity,SELL,150,3879.26,581889.0,203.66,BSE,QE-CLEARING,T100163
T100164,2026-06-30,10:55:24,TATAMOTORS,Equity,BUY,50,983.38,49169.0,17.21,BSE,QE-CLEARING,T100164
T100165,2026-06-30,14:19:25,RELIANCE,Equity,SELL,75,1424.71,106853.25,37.4,NSE,QE-CLEARING,T100165
T100166,2026-06-30,15:30:26,RELIANCE,Equity,BUY,300,1415.21,424563.0,148.6,NSE,QE-CLEARING,T100166
T100167,2026-06-30,15:17:58,SBIN,Equity,SELL,300,811.97,243591.0,85.26,BSE,QE-CLEARING,T100167
T100168,2026-06-30,12:13:35,SBIN,Equity,BUY,500,816.77,408385.0,142.93,BSE,QE-CLEARING,T100168
T100169,2026-06-30,10:16:31,BAJFINANCE,Equity,BUY,75,7188.09,539106.75,188.69,NSE,QE-CLEARING,T100169
T100170,2026-06-30,13:06:06,ITC,Equity,SELL,100,449.11,44911.0,15.72,BSE,QE-CLEARING,T100170
T100171,2026-06-30,09:09:29,SBIN,Equity,SELL,150,816.93,122539.5,42.89,NSE,QE-CLEARING,T100171
T100172,2026-06-30,15:16:20,ITC,Equity,BUY,150,448.08,67212.0,23.52,NSE,QE-CLEARING,T100172
T100173,2026-06-30,15:00:33,RELIANCE,Equity,SELL,500,1416.94,708470.0,247.96,BSE,QE-CLEARING,T100173
T100174,2026-06-30,14:32:04,INFY,Equity,BUY,200,1556.5,311300.0,108.95,BSE,QE-CLEARING,T100174
T100175,2026-06-30,11:12:00,SBIN,Equity,SELL,50,817.46,40873.0,14.31,NSE,QE-CLEARING,T100175
T100176,2026-06-30,13:33:28,RELIANCE,Equity,SELL,250,1417.6,354400.0,124.04,BSE,QE-CLEARING,T100176
T100177,2026-06-30,14:23:03,LT,Equity,BUY,300,3610.03,1083009.0,379.05,NSE,QE-CLEARING,T100177
T100178,2026-06-30,11:14:11,HDFCBANK,Equity,SELL,200,1678.7,335740.0,117.51,NSE,QE-CLEARING,T100178
T100179,2026-06-30,13:56:55,INFY,Equity,BUY,75,1565.79,117434.25,41.1,BSE,QE-CLEARING,T100179
T100180,2026-06-30,10:08:11,SUNPHARMA,Equity,SELL,250,1725.9,431475.0,151.02,NSE,QE-CLEARING,T100180
T100181,2026-06-30,09:17:19,INFY,Equity,SELL,150,1557.79,233668.5,81.78,NSE,QE-CLEARING,T100181
T100182,2026-06-30,15:53:16,SBIN,Equity,BUY,100,816.37,81637.0,28.57,BSE,QE-CLEARING,T100182
T100183,2026-06-30,09:30:12,LT,Equity,BUY,300,3625.11,1087533.0,380.64,NSE,QE-CLEARING,T100183
T100184,2026-06-30,15:15:49,BHARTIARTL,Equity,BUY,500,1587.63,793815.0,277.84,BSE,QE-CLEARING,T100184
T100185,2026-06-30,10:45:53,ICICIBANK,Equity,BUY,50,1242.19,62109.5,21.74,BSE,QE-CLEARING,T100185
T100186,2026-06-30,15:11:24,ITC,Equity,BUY,200,448.23,89646.0,31.38,BSE,QE-CLEARING,T100186
T100187,2026-06-30,09:06:12,MARUTI,Equity,BUY,300,12602.68,3780804.0,1323.28,BSE,QE-CLEARING,T100187
T100188,2026-06-30,12:00:02,HDFCBANK,Equity,SELL,500,1685.51,842755.0,294.96,NSE,QE-CLEARING,T100188
T100189,2026-06-30,11:02:45,TCS,Equity,SELL,250,3891.22,972805.0,340.48,BSE,QE-CLEARING,T100189
T100190,2026-06-30,15:38:28,KOTAKBANK,Equity,BUY,250,1794.61,448652.5,157.03,BSE,QE-CLEARING,T100190
T100191,2026-06-30,10:35:47,BHARTIARTL,Equity,BUY,200,1589.13,317826.0,111.24,NSE,QE-CLEARING,T100191
T100192,2026-06-30,14:40:52,HDFCBANK,Equity,SELL,200,1680.86,336172.0,117.66,BSE,QE-CLEARING,T100192
T100193,2026-06-30,15:48:59,BHARTIARTL,Equity,BUY,50,1580.39,79019.5,27.66,NSE,QE-CLEARING,T100193
T100194,2026-06-30,11:39:29,TATAMOTORS,Equity,SELL,75,982.95,73721.25,25.8,NSE,QE-CLEARING,T100194
T100195,2026-06-30,09:37:20,SUNPHARMA,Equity,BUY,75,1716.57,128742.75,45.06,BSE,QE-CLEARING,T100195
T100196,2026-06-30,09:55:28,HINDUNILVR,Equity,SELL,50,2358.25,117912.5,41.27,NSE,QE-CLEARING,T100196
T100197,2026-06-30,09:33:24,TATAMOTORS,Equity,BUY,75,983.94,73795.5,25.83,NSE,QE-CLEARING,T100197
T100198,2026-06-30,12:43:40,HDFCBANK,Equity,SELL,50,1681.35,84067.5,29.42,NSE,QE-CLEARING,T100198
T100199,2026-06-30,15:21:11,KOTAKBANK,Equity,SELL,50,1790.03,89501.5,31.33,BSE,QE-CLEARING,T100199
T100200,2026-06-30,09:59:36,RELIANCE,Equity,SELL,250,1418.69,354672.5,124.14,BSE,QE-CLEARING,T100200
T100201,2026-06-30,15:22:13,TATAMOTORS,Equity,SELL,200,988.14,197628.0,69.17,BSE,QE-CLEARING,T100201
T100202,2026-06-30,13:25:15,SBIN,Equity,SELL,150,816.65,122497.5,42.87,BSE,QE-CLEARING,T100202
T100203,2026-06-30,14:28:27,AXISBANK,Equity,SELL,200,1128.46,225692.0,78.99,BSE,QE-CLEARING,T100203
T100204,2026-06-30,15:14:18,INFY,Equity,BUY,150,1560.3,234045.0,81.92,NSE,QE-CLEARING,T100204
T100205,2026-06-30,15:13:40,HDFCBANK,Equity,BUY,200,1685.98,337196.0,118.02,BSE,QE-CLEARING,T100205
T100206,2026-06-30,11:17:15,SUNPHARMA,Equity,SELL,150,1721.7,258255.0,90.39,BSE,QE-CLEARING,T100206
T100207,2026-06-30,12:19:39,RELIANCE,Equity,SELL,500,1416.41,708205.0,247.87,BSE,QE-CLEARING,T100207
T100208,2026-06-30,15:16:22,HDFCBANK,Equity,SELL,200,1688.51,337702.0,118.2,BSE,QE-CLEARING,T100208
T100209,2026-06-30,09:05:15,ICICIBANK,Equity,BUY,300,1241.54,372462.0,130.36,BSE,QE-CLEARING,T100209
T100210,2026-06-30,12:14:32,RELIANCE,Equity,BUY,500,1422.7,711350.0,248.97,BSE,QE-CLEARING,T100210
T100211,2026-06-30,14:13:55,RELIANCE,Equity,SELL,50,1421.69,71084.5,24.88,NSE,QE-CLEARING,T100211
T100212,2026-06-30,15:39:53,SBIN,Equity,SELL,150,815.95,122392.5,42.84,BSE,QE-CLEARING,T100212
T100214,2026-06-30,10:34:56,SUNPHARMA,Equity,BUY,100,1717.46,171746.0,60.11,NSE,QE-CLEARING,T100214
T100215,2026-06-30,14:00:47,SBIN,Equity,BUY,75,815.93,61194.75,21.42,NSE,QE-CLEARING,T100215
T100216,2026-06-30,15:36:45,LT,Equity,BUY,100,3631.97,363197.0,127.12,NSE,QE-CLEARING,T100216
T100217,2026-06-30,12:18:51,SUNPHARMA,Equity,SELL,150,1723.84,258576.0,90.5,NSE,QE-CLEARING,T100217
T100218,2026-06-30,15:20:57,BAJFINANCE,Equity,BUY,200,7178.43,1435686.0,502.49,BSE,QE-CLEARING,T100218
T100219,2026-06-30,09:34:49,BAJFINANCE,Equity,SELL,50,7165.85,358292.5,125.4,BSE,QE-CLEARING,T100219
T100220,2026-06-30,12:17:06,SUNPHARMA,Equity,SELL,50,1714.45,85722.5,30.0,NSE,QE-CLEARING,T100220
T100221,2026-06-30,12:58:44,MARUTI,Equity,BUY,150,12655.85,1898377.5,664.43,NSE,QE-CLEARING,T100221
T100222,2026-06-30,14:14:08,HDFCBANK,Equity,SELL,100,1683.6,168360.0,58.93,BSE,QE-CLEARING,T100222
T100223,2026-06-30,14:57:27,ICICIBANK,Equity,BUY,300,1241.69,372507.0,130.38,BSE,QE-CLEARING,T100223
T100224,2026-06-30,12:51:01,RELIANCE,Equity,SELL,150,1421.85,213277.5,74.65,NSE,QE-CLEARING,T100224
T100225,2026-06-30,11:03:28,HDFCBANK,Equity,SELL,150,1682.99,252448.5,88.36,NSE,QE-CLEARING,T100225
T100226,2026-06-30,15:27:36,RELIANCE,Equity,SELL,200,1417.35,283470.0,99.21,BSE,QE-CLEARING,T100226
T100227,2026-06-30,12:12:42,RELIANCE,Equity,BUY,200,1419.49,283898.0,99.36,BSE,QE-CLEARING,T100227
T100228,2026-06-30,09:11:09,ITC,Equity,BUY,50,446.76,22338.0,7.82,NSE,QE-CLEARING,T100228
T100229,2026-06-30,09:21:47,LT,Equity,SELL,150,3612.17,541825.5,189.64,NSE,QE-CLEARING,T100229
T100230,2026-06-30,11:22:17,AXISBANK,Equity,BUY,50,1128.83,56441.5,19.75,NSE,QE-CLEARING,T100230
T100231,2026-06-30,09:29:00,BAJFINANCE,Equity,SELL,50,7151.91,357595.5,125.16,NSE,QE-CLEARING,T100231
T100232,2026-06-30,15:54:18,SBIN,Equity,BUY,50,814.62,40731.0,14.26,NSE,QE-CLEARING,T100232
T100233,2026-06-30,10:41:48,MARUTI,Equity,SELL,300,12640.58,3792174.0,1327.26,BSE,QE-CLEARING,T100233
T100234,2026-06-30,11:37:17,MARUTI,Equity,SELL,500,12655.06,6327530.0,2214.64,NSE,QE-CLEARING,T100234
T100235,2026-06-30,09:04:25,TCS,Equity,SELL,75,3901.25,292593.75,102.41,NSE,QE-CLEARING,T100235
T100236,2026-06-30,15:06:09,ICICIBANK,Equity,SELL,50,1241.36,62068.0,21.72,BSE,QE-CLEARING,T100236
T100237,2026-06-30,15:53:06,HDFCBANK,Equity,SELL,250,1685.39,421347.5,147.47,BSE,QE-CLEARING,T100237
T100238,2026-06-30,11:19:11,TATAMOTORS,Equity,SELL,300,984.74,295422.0,103.4,BSE,QE-CLEARING,T100238
T100239,2026-06-30,13:53:08,BHARTIARTL,Equity,BUY,100,1581.8,158180.0,55.36,BSE,QE-CLEARING,T100239
T100240,2026-06-30,15:45:16,LT,Equity,BUY,50,3607.16,180358.0,63.13,NSE,QE-CLEARING,T100240
T100241,2026-06-30,10:00:07,KOTAKBANK,Equity,BUY,200,1793.57,358714.0,125.55,NSE,QE-CLEARING,T100241
T100242,2026-06-30,14:37:18,AXISBANK,Equity,BUY,500,1134.37,567185.0,198.51,BSE,QE-CLEARING,T100242
T100243,2026-06-30,13:34:31,AXISBANK,Equity,SELL,100,1131.79,113179.0,39.61,NSE,QE-CLEARING,T100243
T100244,2026-06-30,15:28:16,HINDUNILVR,Equity,SELL,150,2367.2,355080.0,124.28,NSE,QE-CLEARING,T100244
T100245,2026-06-30,13:10:37,HINDUNILVR,Equity,BUY,300,2362.66,708798.0,248.08,NSE,QE-CLEARING,T100245
T100246,2026-06-30,15:21:59,BHARTIARTL,Equity,BUY,75,1579.74,118480.5,41.47,NSE,QE-CLEARING,T100246
T100247,2026-06-30,13:41:34,BHARTIARTL,Equity,SELL,150,1584.31,237646.5,83.18,NSE,QE-CLEARING,T100247
T100248,2026-06-30,11:42:35,TATAMOTORS,Equity,SELL,300,981.61,294483.0,103.07,NSE,QE-CLEARING,T100248
T100249,2026-06-30,14:40:53,AXISBANK,Equity,SELL,150,1130.33,169549.5,59.34,NSE,QE-CLEARING,T100249
T100250,2026-06-30,09:32:17,SUNPHARMA,Equity,SELL,450,1715.27,771871.5,270.16,NSE,QE-CLEARING,T100250
T100251,2026-06-30,11:18:31,HDFCBANK,Equity,SELL,100,1686.72,168672.0,59.04,NSE,QE-CLEARING,T100251
T100252,2026-06-30,10:11:11,HDFCBANK,Equity,BUY,500,1689.8,844900.0,295.71,BSE,QE-CLEARING,T100252
T100253,2026-06-30,14:43:30,SBIN,Equity,BUY,75,814.12,61059.0,21.37,NSE,QE-CLEARING,T100253
T100254,2026-06-30,12:02:51,TCS,Equity,BUY,500,3901.25,1950625.0,682.72,BSE,QE-CLEARING,T100254
T100255,2026-06-30,14:06:45,ITC,Equity,BUY,75,447.65,33573.75,11.75,BSE,QE-CLEARING,T100255
T100256,2026-06-30,11:43:59,ICICIBANK,Equity,BUY,200,1238.34,247668.0,86.68,NSE,QE-CLEARING,T100256
T100257,2026-06-30,13:59:01,ICICIBANK,Equity,BUY,250,1241.27,310317.5,108.61,NSE,QE-CLEARING,T100257
T100258,2026-06-30,11:52:53,SBIN,Equity,SELL,250,814.25,203562.5,71.25,NSE,QE-CLEARING,T100258
T100259,2026-06-30,14:51:57,SUNPHARMA,Equity,BUY,75,1721.94,129145.5,45.2,NSE,QE-CLEARING,T100259
T100260,2026-06-30,15:31:45,KOTAKBANK,Equity,SELL,100,1796.63,179663.0,62.88,NSE,QE-CLEARING,T100260
T100261,2026-06-30,11:37:51,SUNPHARMA,Equity,SELL,75,1716.22,128716.5,45.05,BSE,QE-CLEARING,T100261
T100262,2026-06-30,10:34:56,BAJFINANCE,Equity,SELL,500,7165.88,3582940.0,1254.03,NSE,QE-CLEARING,T100262
T100263,2026-06-30,13:07:53,LT,Equity,SELL,200,3630.13,726026.0,254.11,BSE,QE-CLEARING,T100263
T100264,2026-06-30,10:53:28,BAJFINANCE,Equity,BUY,150,7166.67,1075000.5,376.25,NSE,QE-CLEARING,T100264
T100265,2026-06-30,13:04:52,BHARTIARTL,Equity,BUY,200,1587.26,317452.0,110.94,NSE,QE-CLEARING,T100265
T100266,2026-06-30,09:06:49,LT,Equity,SELL,250,3619.39,904847.5,316.7,NSE,QE-CLEARING,T100266
T100267,2026-06-30,11:21:39,KOTAKBANK,Equity,SELL,100,1791.94,179194.0,62.72,NSE,QE-CLEARING,T100267
T100268,2026-06-30,15:54:13,RELIANCE,Equity,BUY,250,1419.43,354857.5,124.2,NSE,QE-CLEARING,T100268
T100269,2026-06-30,09:36:06,SBIN,Equity,SELL,500,813.64,406820.0,142.39,NSE,QE-CLEARING,T100269
T100270,2026-06-30,09:58:14,BHARTIARTL,Equity,SELL,200,1582.71,316542.0,110.79,NSE,QE-CLEARING,T100270
T100271,2026-06-30,15:19:46,SUNPHARMA,Equity,BUY,500,1714.29,857145.0,300.0,BSE,QE-CLEARING,T100271
T100272,2026-06-30,15:22:36,BHARTIARTL,Equity,SELL,150,1583.4,237510.0,83.13,BSE,QE-CLEARING,T100272
T100273,2026-06-30,12:28:09,INFY,Equity,SELL,100,1555.66,155566.0,54.45,NSE,QE-CLEARING,T100273
T100274,2026-06-30,09:40:31,AXISBANK,Equity,SELL,150,1127.34,169101.0,59.19,BSE,QE-CLEARING,T100274
T100275,2026-06-30,11:04:43,MARUTI,Equity,BUY,150,12688.41,1903261.5,666.14,BSE,QE-CLEARING,T100275
T100276,2026-06-30,09:27:29,TCS,Equity,BUY,75,3896.38,292228.5,102.28,NSE,QE-CLEARING,T100276
T100277,2026-06-30,14:43:42,TCS,Equity,SELL,500,3891.56,1945780.0,681.02,BSE,QE-CLEARING,T100277
T100278,2026-06-30,09:35:53,LT,Equity,SELL,200,3608.56,721712.0,252.6,BSE,QE-CLEARING,T100278
T100279,2026-06-30,10:07:39,ICICIBANK,Equity,BUY,300,1235.82,370746.0,129.76,BSE,QE-CLEARING,T100279
T100280,2026-06-30,14:04:29,HDFCBANK,Equity,BUY,75,1687.88,126591.0,44.31,BSE,QE-CLEARING,T100280
T100281,2026-06-30,14:17:53,ICICIBANK,Equity,SELL,500,1244.64,622320.0,217.81,NSE,QE-CLEARING,T100281
T100282,2026-06-30,13:37:03,SUNPHARMA,Equity,BUY,75,1726.53,129489.75,45.32,BSE,QE-CLEARING,T100282
T100283,2026-06-30,10:27:58,TATAMOTORS,Equity,BUY,75,983.59,73769.25,25.82,BSE,QE-CLEARING,T100283
T100284,2026-06-30,09:09:09,LT,Equity,BUY,100,3620.78,362078.0,126.73,BSE,QE-CLEARING,T100284
T100285,2026-06-30,12:34:21,TATAMOTORS,Equity,SELL,75,988.71,74153.25,25.95,BSE,QE-CLEARING,T100285
T100286,2026-06-30,10:00:11,AXISBANK,Equity,SELL,50,1131.67,56583.5,19.8,NSE,QE-CLEARING,T100286
T100287,2026-06-30,11:47:01,ICICIBANK,Equity,SELL,150,1244.55,186682.5,65.34,NSE,QE-CLEARING,T100287
T100288,2026-06-30,11:29:52,ITC,Equity,BUY,250,446.45,111612.5,39.06,BSE,QE-CLEARING,T100288
T100289,2026-06-30,09:59:24,LT,Equity,BUY,500,3608.07,1804035.0,631.41,NSE,QE-CLEARING,T100289
T100290,2026-06-30,11:41:32,RELIANCE,Equity,SELL,250,1424.92,356230.0,124.68,NSE,QE-CLEARING,T100290
T100291,2026-06-30,12:44:06,AXISBANK,Equity,BUY,50,1132.64,56632.0,19.82,NSE,QE-CLEARING,T100291
T100292,2026-06-30,11:03:38,RELIANCE,Equity,BUY,500,1426.59,713295.0,248.91,BSE,QE-CLEARING,T100292
T100293,2026-06-30,10:27:05,BAJFINANCE,Equity,SELL,200,7158.91,1431782.0,501.12,NSE,QE-CLEARING,T100293
T100294,2026-06-30,10:32:03,LT,Equity,BUY,150,3606.89,541033.5,189.36,NSE,QE-CLEARING,T100294
T100295,2026-06-30,12:42:41,SBIN,Equity,SELL,250,814.81,203702.5,71.3,BSE,QE-CLEARING,T100295
T100296,2026-06-30,12:28:06,LT,Equity,SELL,100,3631.28,363128.0,127.09,NSE,QE-CLEARING,T100296
T100297,2026-06-30,11:00:56,RELIANCE,Equity,BUY,75,1416.76,106257.0,37.19,NSE,QE-CLEARING,T100297
T100298,2026-06-30,09:15:22,KOTAKBANK,Equity,SELL,150,1791.13,268669.5,94.03,BSE,QE-CLEARING,T100298
T100299,2026-06-30,15:51:49,ICICIBANK,Equity,SELL,100,1237.25,123725.0,43.3,BSE,QE-CLEARING,T100299
T100300,2026-06-30,14:44:15,LT,Equity,BUY,200,3607.17,721434.0,252.5,BSE,QE-CLEARING,T100300
T100301,2026-06-30,11:51:28,NIFTY-FUT,Future,SELL,75,24823.65,1861773.75,372.35,BSE,QE-CLEARING,T100301
T100302,2026-06-30,15:28:51,NIFTY-FUT,Future,SELL,100,24784.86,2478486.0,495.7,BSE,QE-CLEARING,T100302
T100303,2026-06-30,10:52:15,FINNIFTY-FUT,Future,BUY,80,26051.69,2084135.2,416.83,NSE,QE-CLEARING,T100303
T100304,2026-06-30,12:29:38,NIFTY-FUT,Future,BUY,50,24875.55,1243777.5,248.76,NSE,QE-CLEARING,T100304
T100305,2026-06-30,10:51:45,FINNIFTY-FUT,Future,BUY,200,26181.65,5236330.0,1047.27,NSE,QE-CLEARING,T100305
T100306,2026-06-30,11:53:47,FINNIFTY-FUT,Future,SELL,80,26083.94,2086715.2,417.34,BSE,QE-CLEARING,T100306
T100307,2026-06-30,09:56:01,BANKNIFTY-FUT,Future,BUY,30,55222.75,1656682.5,331.34,NSE,QE-CLEARING,T100307
T100308,2026-06-30,13:25:30,NIFTY-FUT,Future,BUY,200,24830.17,4966034.0,993.21,NSE,QE-CLEARING,T100308
T100309,2026-06-30,12:50:26,NIFTY-FUT,Future,BUY,50,24920.64,1246032.0,249.21,NSE,QE-CLEARING,T100309
T100310,2026-06-30,09:24:23,BANKNIFTY-FUT,Future,SELL,60,55235.41,3314124.6,662.82,NSE,QE-CLEARING,T100310
T100311,2026-06-30,14:49:17,BANKNIFTY-FUT,Future,SELL,60,55256.67,3315400.2,663.08,NSE,QE-CLEARING,T100311
T100312,2026-06-30,10:07:57,FINNIFTY-FUT,Future,SELL,120,26185.73,3142287.6,628.46,BSE,QE-CLEARING,T100312
T100313,2026-06-30,11:47:37,NIFTY-FUT,Future,BUY,250,24790.75,6197687.5,1239.54,NSE,QE-CLEARING,T100313
T100314,2026-06-30,09:06:47,FINNIFTY-FUT,Future,BUY,160,26057.02,4169123.2,833.82,BSE,QE-CLEARING,T100314
T100315,2026-06-30,14:09:07,BANKNIFTY-FUT,Future,SELL,45,55219.16,2484862.2,496.97,BSE,QE-CLEARING,T100315
T100316,2026-06-30,15:22:29,FINNIFTY-FUT,Future,BUY,120,26044.6,3125352.0,624.13,NSE,QE-CLEARING,T100316
T100318,2026-06-30,15:27:55,NIFTY-FUT,Future,SELL,125,24800.95,3100118.75,620.02,BSE,QE-CLEARING,T100318
T100319,2026-06-30,14:13:47,BANKNIFTY-FUT,Future,BUY,30,55357.44,1660723.2,332.14,NSE,QE-CLEARING,T100319
T100320,2026-06-30,12:58:11,FINNIFTY-FUT,Future,BUY,40,26052.82,1042112.8,208.42,BSE,QE-CLEARING,T100320
T100321,2026-06-30,15:38:51,NIFTY-FUT,Future,BUY,50,24929.75,1246487.5,249.3,BSE,QE-CLEARING,T100321
T100322,2026-06-30,11:52:56,FINNIFTY-FUT,Future,SELL,320,26110.54,8355372.8,1671.07,BSE,QE-CLEARING,T100322
T100323,2026-06-30,10:20:04,FINNIFTY-FUT,Future,BUY,200,26139.42,5227884.0,1045.58,BSE,QE-CLEARING,T100323
T100324,2026-06-30,10:52:41,NIFTY-FUT,Future,BUY,50,24885.12,1244256.0,248.85,NSE,QE-CLEARING,T100324
T100325,2026-06-30,12:02:59,NIFTY-FUT,Future,SELL,25,24932.77,623319.25,124.66,BSE,QE-CLEARING,T100325
T100326,2026-06-30,10:18:50,NIFTY-FUT,Future,SELL,50,24864.39,1243219.5,248.64,BSE,QE-CLEARING,T100326
T100327,2026-06-30,11:41:19,BANKNIFTY-FUT,Future,SELL,15,55306.85,829602.75,165.92,NSE,QE-CLEARING,T100327
T100328,2026-06-30,14:47:42,BANKNIFTY-FUT,Future,BUY,45,55141.59,2481371.55,496.27,BSE,QE-CLEARING,T100328
T100329,2026-06-30,15:14:37,BANKNIFTY-FUT,Future,SELL,150,55394.72,8309208.0,1661.84,NSE,QE-CLEARING,T100329
T100330,2026-06-30,15:58:37,BANKNIFTY-FUT,Future,BUY,150,55111.42,8266713.0,1653.34,BSE,QE-CLEARING,T100330
T100331,2026-06-30,10:36:47,BANKNIFTY-FUT,Future,BUY,150,55342.51,8301376.5,1660.28,NSE,QE-CLEARING,T100331
T100332,2026-06-30,11:29:44,BANKNIFTY-FUT,Future,SELL,45,55290.33,2488064.85,497.61,NSE,QE-CLEARING,T100332
T100333,2026-06-30,11:38:52,FINNIFTY-FUT,Future,BUY,200,26199.35,5239870.0,1047.97,BSE,QE-CLEARING,T100333
T100334,2026-06-30,12:47:44,NIFTY-FUT,Future,SELL,25,24790.33,619758.25,123.95,BSE,QE-CLEARING,T100334
T100335,2026-06-30,10:23:09,BANKNIFTY-FUT,Future,BUY,60,55246.0,3314760.0,662.95,NSE,QE-CLEARING,T100335
T100336,2026-06-30,15:36:39,FINNIFTY-FUT,Future,SELL,80,26182.84,2094627.2,418.93,BSE,QE-CLEARING,T100336
T100337,2026-06-30,11:23:04,NIFTY-FUT,Future,BUY,200,24842.35,4968470.0,993.69,BSE,QE-CLEARING,T100337
T100338,2026-06-30,14:24:17,BANKNIFTY-FUT,Future,SELL,150,55013.95,8252092.5,1650.42,BSE,QE-CLEARING,T100338
T100339,2026-06-30,12:16:21,NIFTY-FUT,Future,BUY,25,24870.31,621757.75,124.35,BSE,QE-CLEARING,T100339
T100340,2026-06-30,15:29:05,BANKNIFTY-FUT,Future,SELL,60,55334.4,3320064.0,664.01,BSE,QE-CLEARING,T100340
T100341,2026-06-30,15:41:35,FINNIFTY-FUT,Future,SELL,80,26170.88,2093670.4,418.73,BSE,QE-CLEARING,T100341
T100342,2026-06-30,14:12:13,NIFTY-FUT,Future,BUY,100,24815.59,2481559.0,496.31,BSE,QE-CLEARING,T100342
T100343,2026-06-30,10:11:59,FINNIFTY-FUT,Future,SELL,160,26179.34,4188694.4,837.74,BSE,QE-CLEARING,T100343
T100344,2026-06-30,12:31:01,FINNIFTY-FUT,Future,BUY,400,26153.63,10461452.0,2092.29,NSE,QE-CLEARING,T100344
T100345,2026-06-30,12:16:40,NIFTY-FUT,Future,BUY,125,24878.63,3109828.75,621.97,BSE,QE-CLEARING,T100345
T100346,2026-06-30,12:42:38,BANKNIFTY-FUT,Future,BUY,15,55402.7,831040.5,166.21,NSE,QE-CLEARING,T100346
T100347,2026-06-30,13:20:41,BANKNIFTY-FUT,Future,BUY,120,54997.32,6599678.4,1319.94,NSE,QE-CLEARING,T100347
T100348,2026-06-30,11:52:49,BANKNIFTY-FUT,Future,BUY,150,55243.12,8286468.0,1657.29,NSE,QE-CLEARING,T100348
T100349,2026-06-30,10:27:31,BANKNIFTY-FUT,Future,BUY,150,54986.04,8247906.0,1649.58,NSE,QE-CLEARING,T100349
T100350,2026-06-30,11:51:32,NIFTY-FUT,Future,SELL,75,24764.8,1857360.0,371.47,NSE,QE-CLEARING,T100350
T100351,2026-06-30,14:19:48,FINNIFTY-FUT,Future,BUY,200,26177.06,5235412.0,1047.08,NSE,QE-CLEARING,T100351
T100352,2026-06-30,10:18:50,BANKNIFTY-FUT,Future,SELL,30,55195.15,1655854.5,331.17,NSE,QE-CLEARING,T100352
T100353,2026-06-30,11:54:04,BANKNIFTY-FUT,Future,BUY,150,55340.39,8301058.5,1660.21,NSE,QE-CLEARING,T100353
T100354,2026-06-30,13:57:00,FINNIFTY-FUT,Future,SELL,200,26105.14,5221028.0,1044.21,BSE,QE-CLEARING,T100354
T100355,2026-06-30,11:25:42,BANKNIFTY-FUT,Future,SELL,150,55345.07,8301760.5,1660.35,NSE,QE-CLEARING,T100355
T100356,2026-06-30,09:46:23,FINNIFTY-FUT,Future,BUY,80,26094.32,2087545.6,417.51,BSE,QE-CLEARING,T100356
T100357,2026-06-30,12:42:32,FINNIFTY-FUT,Future,BUY,160,26082.94,4173270.4,834.65,BSE,QE-CLEARING,T100357
T100358,2026-06-30,14:41:49,BANKNIFTY-FUT,Future,SELL,75,55008.24,4125618.0,825.12,BSE,QE-CLEARING,T100358
T100359,2026-06-30,14:21:45,NIFTY-FUT,Future,BUY,75,24834.37,1862577.75,372.52,BSE,QE-CLEARING,T100359
T100360,2026-06-30,14:41:12,NIFTY-FUT,Future,SELL,25,24928.32,623208.0,124.64,BSE,QE-CLEARING,T100360
T100361,2026-06-30,14:13:45,BANKNIFTY-FUT,Future,SELL,150,55120.29,8268043.5,1653.61,NSE,QE-CLEARING,T100361
T100362,2026-06-30,15:41:56,NIFTY-FUT,Future,BUY,25,24911.91,622797.75,124.56,NSE,QE-CLEARING,T100362
T100363,2026-06-30,14:28:01,BANKNIFTY-FUT,Future,SELL,45,55112.79,2480075.55,496.02,BSE,QE-CLEARING,T100363
T100364,2026-06-30,11:53:57,FINNIFTY-FUT,Future,SELL,40,26090.89,1043635.6,208.73,NSE,QE-CLEARING,T100364
T100365,2026-06-30,11:20:48,BANKNIFTY-FUT,Future,SELL,60,55018.17,3301090.2,660.22,NSE,QE-CLEARING,T100365
T100366,2026-06-30,13:37:24,BANKNIFTY-FUT,Future,BUY,60,55141.76,3308505.6,661.7,NSE,QE-CLEARING,T100366
T100367,2026-06-30,15:21:06,NIFTY-FUT,Future,SELL,100,24796.13,2479613.0,495.92,BSE,QE-CLEARING,T100367
T100368,2026-06-30,10:45:06,BANKNIFTY-FUT,Future,BUY,75,54993.36,4124502.0,824.9,BSE,QE-CLEARING,T100368
T100369,2026-06-30,15:28:31,NIFTY-FUT,Future,BUY,250,24773.2,6193300.0,1238.66,BSE,QE-CLEARING,T100369
T100370,2026-06-30,09:00:28,NIFTY-FUT,Future,BUY,250,24905.22,6226305.0,1245.26,BSE,QE-CLEARING,T100370
T100371,2026-06-30,13:53:00,FINNIFTY-FUT,Future,SELL,40,26118.56,1044742.4,208.95,NSE,QE-CLEARING,T100371
T100372,2026-06-30,13:05:16,NIFTY-FUT,Future,BUY,50,24878.19,1243909.5,248.78,NSE,QE-CLEARING,T100372
T100373,2026-06-30,12:08:15,FINNIFTY-FUT,Future,BUY,200,26173.22,5234644.0,1046.93,BSE,QE-CLEARING,T100373
T100374,2026-06-30,15:57:49,FINNIFTY-FUT,Future,BUY,160,26049.34,4167894.4,833.58,BSE,QE-CLEARING,T100374
T100375,2026-06-30,14:22:28,BANKNIFTY-FUT,Future,BUY,30,55371.75,1661152.5,332.23,BSE,QE-CLEARING,T100375
T100376,2026-06-30,15:45:48,BANKNIFTY-FUT,Future,BUY,75,55293.0,4146975.0,829.4,BSE,QE-CLEARING,T100376
T100377,2026-06-30,12:59:27,NIFTY-FUT,Future,BUY,100,24819.15,2481915.0,496.38,NSE,QE-CLEARING,T100377
T100378,2026-06-30,09:35:51,NIFTY-FUT,Future,BUY,25,24885.58,622139.5,124.43,BSE,QE-CLEARING,T100378
T100379,2026-06-30,14:57:13,NIFTY-FUT,Future,SELL,250,24787.99,6196997.5,1239.4,BSE,QE-CLEARING,T100379
T100380,2026-06-30,11:52:56,BANKNIFTY-FUT,Future,BUY,120,55062.62,6607514.4,1321.5,BSE,QE-CLEARING,T100380
T100381,2026-06-30,15:07:57,BANKNIFTY-FUT,Future,BUY,60,55285.44,3317126.4,663.43,NSE,QE-CLEARING,T100381
T100382,2026-06-30,14:02:42,FINNIFTY-FUT,Future,BUY,40,26083.57,1043342.8,208.67,NSE,QE-CLEARING,T100382
T100383,2026-06-30,10:29:10,FINNIFTY-FUT,Future,BUY,200,26069.16,5213832.0,1042.77,NSE,QE-CLEARING,T100383
T100384,2026-06-30,10:30:37,FINNIFTY-FUT,Future,BUY,40,26199.33,1047973.2,209.59,BSE,QE-CLEARING,T100384
T100385,2026-06-30,11:27:27,NIFTY-FUT,Future,SELL,100,24889.23,2488923.0,497.78,BSE,QE-CLEARING,T100385
T100386,2026-06-30,13:33:39,FINNIFTY-FUT,Future,SELL,400,26201.05,10480420.0,2096.08,NSE,QE-CLEARING,T100386
T100387,2026-06-30,15:55:32,NIFTY-FUT,Future,BUY,200,24877.03,4975406.0,995.08,NSE,QE-CLEARING,T100387
T100388,2026-06-30,11:21:56,BANKNIFTY-FUT,Future,BUY,120,55387.96,6646555.2,1329.31,BSE,QE-CLEARING,T100388
T100389,2026-06-30,12:30:49,FINNIFTY-FUT,Future,SELL,400,26146.99,10458796.0,2091.76,BSE,QE-CLEARING,T100389
T100390,2026-06-30,14:03:44,FINNIFTY-FUT,Future,SELL,320,26105.4,8353728.0,1670.75,NSE,QE-CLEARING,T100390
T100391,2026-06-30,15:35:40,BANKNIFTY-55500-PE,Option,SELL,150,387.63,58144.5,29.07,BSE,QE-CLEARING,T100391
T100392,2026-06-30,13:44:45,NIFTY-24800-CE,Option,SELL,75,181.97,13647.75,6.82,BSE,QE-CLEARING,T100392
T100393,2026-06-30,15:56:40,NIFTY-25000-PE,Option,SELL,100,145.83,14583.0,7.29,NSE,QE-CLEARING,T100393
T100394,2026-06-30,09:03:10,BANKNIFTY-55000-CE,Option,BUY,45,409.28,18417.6,9.21,BSE,QE-CLEARING,T100394
T100395,2026-06-30,12:05:38,NIFTY-25000-PE,Option,BUY,75,146.16,10962.0,5.48,BSE,QE-CLEARING,T100395
T100396,2026-06-30,09:09:12,BANKNIFTY-55500-PE,Option,SELL,120,387.83,46539.6,23.27,BSE,QE-CLEARING,T100396
T100397,2026-06-30,13:07:46,NIFTY-24800-CE,Option,SELL,200,181.37,36274.0,18.14,BSE,QE-CLEARING,T100397
T100398,2026-06-30,09:05:01,BANKNIFTY-55500-PE,Option,SELL,75,387.22,29041.5,14.52,BSE,QE-CLEARING,T100398
T100399,2026-06-30,09:24:38,NIFTY-25000-PE,Option,SELL,250,145.68,36420.0,18.21,NSE,QE-CLEARING,T100399
T100400,2026-06-30,11:36:25,BANKNIFTY-55000-CE,Option,BUY,60,409.01,24540.6,12.27,BSE,QE-CLEARING,T100400
T100401,2026-06-30,11:16:10,NIFTY-25000-PE,Option,BUY,125,146.18,18272.5,9.14,BSE,QE-CLEARING,T100401
T100402,2026-06-30,11:29:58,BANKNIFTY-55000-CE,Option,SELL,30,409.64,12289.2,6.14,BSE,QE-CLEARING,T100402
T100403,2026-06-30,10:59:21,NIFTY-25000-PE,Option,SELL,125,145.75,18218.75,9.11,NSE,QE-CLEARING,T100403
T100404,2026-06-30,15:29:15,NIFTY-24800-CE,Option,SELL,100,181.32,18132.0,9.07,BSE,QE-CLEARING,T100404
T100405,2026-06-30,13:56:56,BANKNIFTY-55500-PE,Option,BUY,75,388.78,29158.5,14.58,BSE,QE-CLEARING,T100405
T100406,2026-06-30,11:50:34,NIFTY-24800-CE,Option,SELL,50,181.56,9078.0,4.54,NSE,QE-CLEARING,T100406
T100407,2026-06-30,14:02:03,NIFTY-24800-CE,Option,BUY,50,182.42,9121.0,4.56,NSE,QE-CLEARING,T100407
T100408,2026-06-30,15:39:34,BANKNIFTY-55000-CE,Option,BUY,60,411.07,24664.2,12.33,BSE,QE-CLEARING,T100408
T100409,2026-06-30,09:35:49,BANKNIFTY-55500-PE,Option,BUY,150,388.4,58260.0,29.13,NSE,QE-CLEARING,T100409
T100410,2026-06-30,10:35:55,BANKNIFTY-55500-PE,Option,BUY,75,388.4,29130.0,14.56,BSE,QE-CLEARING,T100410
T100411,2026-06-30,10:28:23,NIFTY-25000-PE,Option,SELL,100,145.66,14566.0,7.28,BSE,QE-CLEARING,T100411
T100412,2026-06-30,10:49:33,NIFTY-25000-PE,Option,SELL,200,146.38,29276.0,14.64,NSE,QE-CLEARING,T100412
T100413,2026-06-30,09:30:56,BANKNIFTY-55500-PE,Option,BUY,45,388.35,17475.75,8.74,BSE,QE-CLEARING,T100413
T100414,2026-06-30,11:49:50,BANKNIFTY-55500-PE,Option,SELL,120,387.49,46498.8,23.25,BSE,QE-CLEARING,T100414
T100415,2026-06-30,13:19:35,NIFTY-25000-PE,Option,BUY,25,145.92,3648.0,1.82,BSE,QE-CLEARING,T100415
T100416,2026-06-30,15:55:07,NIFTY-24800-CE,Option,BUY,100,181.69,18169.0,9.08,NSE,QE-CLEARING,T100416
T100417,2026-06-30,15:56:07,NIFTY-25000-PE,Option,SELL,250,146.03,36507.5,19.71,NSE,QE-CLEARING,T100417
T100418,2026-06-30,15:33:35,BANKNIFTY-55000-CE,Option,BUY,60,410.41,24624.6,12.31,BSE,QE-CLEARING,T100418
T100419,2026-06-30,13:34:30,NIFTY-25000-PE,Option,SELL,100,145.77,14577.0,7.29,BSE,QE-CLEARING,T100419
T100420,2026-06-30,14:23:15,NIFTY-25000-PE,Option,BUY,25,146.27,3656.75,1.83,BSE,QE-CLEARING,T100420
T100421,2026-06-30,15:41:00,NIFTY-25000-PE,Option,SELL,75,145.82,10936.5,5.47,BSE,QE-CLEARING,T100421
T100422,2026-06-30,12:32:17,NIFTY-24800-CE,Option,SELL,25,181.65,4541.25,2.27,NSE,QE-CLEARING,T100422
T100423,2026-06-30,09:55:37,NIFTY-24800-CE,Option,SELL,125,182.22,22777.5,11.39,NSE,QE-CLEARING,T100423
T100424,2026-06-30,09:17:27,NIFTY-25000-PE,Option,BUY,75,146.36,10977.0,5.49,NSE,QE-CLEARING,T100424
T100425,2026-06-30,15:55:16,BANKNIFTY-55500-PE,Option,SELL,120,389.22,46706.4,23.35,BSE,QE-CLEARING,T100425
T100426,2026-06-30,13:12:33,NIFTY-24800-CE,Option,SELL,75,182.27,13670.25,6.84,NSE,QE-CLEARING,T100426
T100427,2026-06-30,12:03:07,NIFTY-24800-CE,Option,SELL,25,182.54,4563.5,2.28,NSE,QE-CLEARING,T100427
T100428,2026-06-30,14:31:32,NIFTY-24800-CE,Option,SELL,200,181.78,36356.0,18.18,NSE,QE-CLEARING,T100428
T100429,2026-06-30,14:28:11,BANKNIFTY-55500-PE,Option,BUY,45,389.22,17514.9,8.76,BSE,QE-CLEARING,T100429
T100430,2026-06-30,14:09:17,BANKNIFTY-55500-PE,Option,SELL,15,388.92,5833.8,2.92,NSE,QE-CLEARING,T100430
T100431,2026-06-30,10:14:02,NIFTY-24800-CE,Option,BUY,125,182.59,22823.75,12.32,NSE,QE-CLEARING,T100431
T100432,2026-06-30,11:00:46,NIFTY-25000-PE,Option,BUY,100,145.7,14570.0,7.29,NSE,QE-CLEARING,T100432
T100433,2026-06-30,15:05:25,BANKNIFTY-55500-PE,Option,SELL,75,386.52,28989.0,14.49,BSE,QE-CLEARING,T100433
T100434,2026-06-30,12:59:49,BANKNIFTY-55500-PE,Option,BUY,60,389.26,23355.6,11.68,BSE,QE-CLEARING,T100434
T100435,2026-06-30,12:33:27,NIFTY-24800-CE,Option,BUY,75,181.79,13634.25,6.82,NSE,QE-CLEARING,T100435
T100436,2026-06-30,12:34:27,NIFTY-24800-CE,Option,SELL,25,181.88,4547.0,2.27,BSE,QE-CLEARING,T100436
T100437,2026-06-30,11:27:24,BANKNIFTY-55000-CE,Option,BUY,120,410.74,49288.8,24.64,BSE,QE-CLEARING,T100437
T100438,2026-06-30,12:43:18,BANKNIFTY-55000-CE,Option,BUY,120,408.54,49024.8,24.51,NSE,QE-CLEARING,T100438
T100439,2026-06-30,11:14:58,BANKNIFTY-55500-PE,Option,SELL,75,387.22,29041.5,14.52,BSE,QE-CLEARING,T100439
T100440,2026-06-30,09:22:37,BANKNIFTY-55000-CE,Option,BUY,45,411.05,18497.25,9.25,NSE,QE-CLEARING,T100440
T100441,2026-06-30,15:17:31,NIFTY-24800-CE,Option,BUY,125,181.84,22730.0,11.37,BSE,QE-CLEARING,T100441
T100442,2026-06-30,09:06:44,BANKNIFTY-55500-PE,Option,BUY,30,387.95,11638.5,5.82,NSE,QE-CLEARING,T100442
T100443,2026-06-30,12:53:52,BANKNIFTY-55500-PE,Option,BUY,45,386.55,17394.75,8.7,NSE,QE-CLEARING,T100443
T100444,2026-06-30,13:07:21,NIFTY-25000-PE,Option,SELL,75,145.73,10929.75,5.46,BSE,QE-CLEARING,T100444
T100445,2026-06-30,13:04:16,NIFTY-24800-CE,Option,SELL,100,182.33,18233.0,9.12,BSE,QE-CLEARING,T100445
T100446,2026-06-30,15:47:37,BANKNIFTY-55000-CE,Option,BUY,120,409.7,49164.0,24.58,BSE,QE-CLEARING,T100446
T100447,2026-06-30,10:10:22,BANKNIFTY-55500-PE,Option,SELL,30,388.93,11667.9,5.83,NSE,QE-CLEARING,T100447
T100448,2026-06-30,14:35:58,NIFTY-25000-PE,Option,BUY,50,145.56,7278.0,3.64,NSE,QE-CLEARING,T100448
T100449,2026-06-30,12:06:53,BANKNIFTY-55500-PE,Option,BUY,75,387.37,29052.75,14.53,NSE,QE-CLEARING,T100449
T100450,2026-06-30,14:30:29,NIFTY-25000-PE,Option,BUY,200,146.18,29236.0,14.62,NSE,QE-CLEARING,T100450
T100451,2026-06-30,12:58:29,BANKNIFTY-55500-PE,Option,SELL,75,387.11,29033.25,14.52,NSE,QE-CLEARING,T100451
T100452,2026-06-30,13:03:40,NIFTY-24800-CE,Option,BUY,50,182.2,9110.0,4.55,BSE,QE-CLEARING,T100452
T100453,2026-06-30,11:08:02,NIFTY-24800-CE,Option,SELL,50,181.69,9084.5,4.54,NSE,QE-CLEARING,T100453
T100454,2026-06-30,10:15:48,BANKNIFTY-55500-PE,Option,SELL,30,388.67,11660.1,5.83,NSE,QE-CLEARING,T100454
T100455,2026-06-30,11:59:43,NIFTY-24800-CE,Option,SELL,125,181.37,22671.25,11.34,BSE,QE-CLEARING,T100455
T100456,2026-06-30,11:53:15,NIFTY-25000-PE,Option,SELL,200,145.68,29136.0,14.57,BSE,QE-CLEARING,T100456
T100457,2026-06-30,13:04:22,BANKNIFTY-55000-CE,Option,SELL,60,410.38,24622.8,12.31,BSE,QE-CLEARING,T100457
T100458,2026-06-30,13:05:04,NIFTY-24800-CE,Option,BUY,250,182.71,45677.5,22.84,NSE,QE-CLEARING,T100458
T100459,2026-06-30,13:58:18,BANKNIFTY-55500-PE,Option,BUY,60,389.39,23363.4,11.68,NSE,QE-CLEARING,T100459
T100460,2026-06-30,09:40:37,NIFTY-24800-CE,Option,BUY,75,182.42,13681.5,6.84,NSE,QE-CLEARING,T100460
T100461,2026-06-30,14:36:42,TATAMOTORS,Equity,BUY,300,982.24,294672.0,103.14,NSE,QE-CLEARING,T100461
T100462,2026-06-30,14:41:42,BAJFINANCE,Equity,BUY,200,7165.41,1433082.0,501.58,BSE,QE-CLEARING,T100462
