TradeID,Symbol,AssetClass,Venue,IntSide,ExchSide,IntQty,ExchQty,IntPrice,ExchPrice,IntFees,ExchFees,IntNotional,ExchNotional,InInternal,InExchange,BreakType,IsBreak,BreakNotional
T100001,HINDUNILVR,Equity,NSE,SELL,SELL,300,300,2366.59,2366.59,248.49,248.49,709977.0,709977.0,1,1,MATCHED,0,0.0
T100002,HDFCBANK,Equity,NSE,SELL,SELL,250,250,1681.46,1681.46,147.13,147.13,420365.0,420365.0,1,1,MATCHED,0,0.0
T100003,HINDUNILVR,Equity,BSE,SELL,SELL,50,50,2356.8,2356.8,41.24,41.24,117840.0,117840.0,1,1,MATCHED,0,0.0
T100004,MARUTI,Equity,BSE,BUY,BUY,150,75,12605.02,12605.02,661.76,330.88,1890753.0,945376.5,1,1,QTY BREAK,1,945376.5
T100005,ITC,Equity,BSE,BUY,BUY,200,200,447.27,447.27,31.31,31.31,89454.0,89454.0,1,1,MATCHED,0,0.0
T100006,BHARTIARTL,Equity,NSE,SELL,SELL,150,150,1584.58,1584.58,83.19,83.19,237687.0,237687.0,1,1,MATCHED,0,0.0
T100007,KOTAKBANK,Equity,BSE,SELL,SELL,200,200,1787.84,1787.84,125.15,125.15,357568.0,357568.0,1,1,MATCHED,0,0.0
T100008,RELIANCE,Equity,NSE,SELL,SELL,75,75,1424.09,1424.09,37.38,37.38,106806.75,106806.75,1,1,MATCHED,0,0.0
T100009,ITC,Equity,NSE,BUY,BUY,200,200,446.63,446.63,31.26,31.26,89326.0,89326.0,1,1,MATCHED,0,0.0
T100010,SBIN,Equity,BSE,BUY,BUY,500,500,815.39,815.39,142.69,142.69,407695.0,407695.0,1,1,MATCHED,0,0.0
T100011,RELIANCE,Equity,BSE,BUY,BUY,200,200,1418.74,1418.74,99.31,99.31,283748.0,283748.0,1,1,MATCHED,0,0.0
T100012,INFY,Equity,BSE,SELL,SELL,50,50,1558.76,1558.76,27.28,27.28,77938.0,77938.0,1,1,MATCHED,0,0.0
T100013,SUNPHARMA,Equity,NSE,BUY,BUY,500,500,1726.41,1726.41,302.12,302.12,863205.0,863205.0,1,1,MATCHED,0,0.0
T100014,TATAMOTORS,Equity,BSE,BUY,BUY,50,50,982.34,982.34,17.19,17.19,49117.0,49117.0,1,1,MATCHED,0,0.0
T100015,KOTAKBANK,Equity,BSE,SELL,SELL,150,150,1788.7,1788.7,93.91,93.91,268305.0,268305.0,1,1,MATCHED,0,0.0
T100016,HINDUNILVR,Equity,BSE,BUY,BUY,150,150,2362.07,2362.07,124.01,124.01,354310.5,354310.5,1,1,MATCHED,0,0.0
T100017,TCS,Equity,BSE,BUY,BUY,300,300,3894.51,3894.51,408.92,408.92,1168353.0,1168353.0,1,1,MATCHED,0,0.0
T100018,ITC,Equity,NSE,SELL,SELL,75,75,447.76,447.76,11.75,11.75,33582.0,33582.0,1,1,MATCHED,0,0.0
T100019,TATAMOTORS,Equity,NSE,BUY,BUY,300,300,985.76,985.76,103.5,103.5,295728.0,295728.0,1,1,MATCHED,0,0.0
T100020,HINDUNILVR,Equity,NSE,BUY,BUY,75,75,2355.69,2355.69,61.84,61.84,176676.75,176676.75,1,1,MATCHED,0,0.0
T100021,ICICIBANK,Equity,NSE,SELL,SELL,500,500,1242.12,1242.12,217.37,217.37,621060.0,621060.0,1,1,MATCHED,0,0.0
T100022,KOTAKBANK,Equity,BSE,BUY,BUY,500,500,1789.76,1789.76,313.21,313.21,894880.0,894880.0,1,1,MATCHED,0,0.0
T100023,LT,Equity,NSE,BUY,BUY,250,250,3619.7,3619.7,316.72,316.72,904925.0,904925.0,1,1,MATCHED,0,0.0
T100024,RELIANCE,Equity,BSE,SELL,BUY,50,50,1417.53,1417.53,24.81,24.81,70876.5,70876.5,1,1,SIDE BREAK,1,0.0
T100025,HINDUNILVR,Equity,BSE,SELL,SELL,100,100,2369.34,2369.34,82.93,82.93,236934.0,236934.0,1,1,MATCHED,0,0.0
T100026,TCS,Equity,NSE,SELL,SELL,300,300,3900.36,3900.36,409.54,409.54,1170108.0,1170108.0,1,1,MATCHED,0,0.0
T100027,TATAMOTORS,Equity,NSE,SELL,SELL,50,50,986.06,986.06,17.26,17.26,49303.0,49303.0,1,1,MATCHED,0,0.0
T100028,AXISBANK,Equity,NSE,BUY,BUY,500,500,1130.21,1130.21,197.79,197.79,565105.0,565105.0,1,1,MATCHED,0,0.0
T100029,KOTAKBANK,Equity,NSE,BUY,BUY,250,250,1797.58,1797.58,157.29,157.29,449395.0,449395.0,1,1,MATCHED,0,0.0
T100030,LT,Equity,NSE,SELL,SELL,50,50,3626.46,3626.46,63.46,63.46,181323.0,181323.0,1,1,MATCHED,0,0.0
T100031,HDFCBANK,Equity,NSE,BUY,BUY,300,300,1679.6,1679.6,176.36,176.36,503880.0,503880.0,1,1,MATCHED,0,0.0
T100032,TCS,Equity,NSE,SELL,SELL,150,150,3880.43,3880.43,203.72,203.72,582064.5,582064.5,1,1,MATCHED,0,0.0
T100033,ITC,Equity,NSE,BUY,BUY,250,250,447.57,447.57,39.16,39.16,111892.5,111892.5,1,1,MATCHED,0,0.0
T100034,ITC,Equity,NSE,SELL,SELL,50,50,448.36,448.36,7.85,7.85,22418.0,22418.0,1,1,MATCHED,0,0.0
T100035,ITC,Equity,BSE,BUY,BUY,150,150,449.26,449.26,23.59,23.59,67389.0,67389.0,1,1,MATCHED,0,0.0
T100036,KOTAKBANK,Equity,NSE,SELL,SELL,150,150,1800.74,1800.74,94.54,94.54,270111.0,270111.0,1,1,MATCHED,0,0.0
T100037,TATAMOTORS,Equity,BSE,SELL,SELL,500,500,982.38,982.38,171.92,171.92,491190.0,491190.0,1,1,MATCHED,0,0.0
T100038,HDFCBANK,Equity,NSE,SELL,SELL,150,150,1691.53,1691.53,88.81,88.81,253729.5,253729.5,1,1,MATCHED,0,0.0
T100039,INFY,Equity,NSE,BUY,BUY,300,300,1554.87,1554.87,163.26,163.26,466461.0,466461.0,1,1,MATCHED,0,0.0
T100040,HDFCBANK,Equity,BSE,BUY,BUY,50,50,1685.75,1685.75,29.5,29.5,84287.5,84287.5,1,1,MATCHED,0,0.0
T100041,INFY,Equity,BSE,BUY,BUY,300,300,1556.02,1556.02,163.38,163.38,466806.0,466806.0,1,1,MATCHED,0,0.0
T100042,ITC,Equity,NSE,SELL,SELL,200,200,447.93,447.93,31.36,31.36,89586.0,89586.0,1,1,MATCHED,0,0.0
T100043,BAJFINANCE,Equity,NSE,SELL,SELL,100,100,7177.18,7177.18,251.2,251.2,717718.0,717718.0,1,1,MATCHED,0,0.0
T100044,TCS,Equity,NSE,BUY,BUY,300,300,3883.27,3883.27,407.74,407.74,1164981.0,1164981.0,1,1,MATCHED,0,0.0
T100045,BAJFINANCE,Equity,NSE,SELL,SELL,250,250,7159.74,7159.74,626.48,626.48,1789935.0,1789935.0,1,1,MATCHED,0,0.0
T100046,KOTAKBANK,Equity,NSE,SELL,SELL,200,200,1800.89,1800.89,126.06,126.06,360178.0,360178.0,1,1,MATCHED,0,0.0
T100047,HINDUNILVR,Equity,NSE,BUY,BUY,100,100,2351.96,2351.96,82.32,82.32,235196.0,235196.0,1,1,MATCHED,0,0.0
T100048,AXISBANK,Equity,BSE,SELL,SELL,250,250,1134.39,1134.39,99.26,99.26,283597.5,283597.5,1,1,MATCHED,0,0.0
T100049,ITC,Equity,NSE,SELL,SELL,100,100,449.48,449.48,15.73,15.73,44948.0,44948.0,1,1,MATCHED,0,0.0
T100050,ITC,Equity,NSE,BUY,BUY,200,200,447.65,447.65,31.34,31.34,89530.0,89530.0,1,1,MATCHED,0,0.0
T100051,AXISBANK,Equity,BSE,BUY,BUY,300,300,1126.03,1126.03,118.23,118.23,337809.0,337809.0,1,1,MATCHED,0,0.0
T100052,INFY,Equity,BSE,BUY,BUY,300,300,1554.92,1554.92,163.27,163.27,466476.0,466476.0,1,1,MATCHED,0,0.0
T100053,HINDUNILVR,Equity,NSE,SELL,SELL,100,100,2361.31,2361.31,82.65,82.65,236131.0,236131.0,1,1,MATCHED,0,0.0
T100054,RELIANCE,Equity,BSE,SELL,SELL,150,150,1416.97,1416.97,74.39,74.39,212545.5,212545.5,1,1,MATCHED,0,0.0
T100055,KOTAKBANK,Equity,BSE,BUY,BUY,100,100,1800.96,1800.96,63.03,63.03,180096.0,180096.0,1,1,MATCHED,0,0.0
T100056,KOTAKBANK,Equity,BSE,SELL,SELL,75,75,1800.54,1800.54,47.26,47.26,135040.5,135040.5,1,1,MATCHED,0,0.0
T100057,INFY,Equity,NSE,BUY,BUY,500,500,1561.36,1561.36,273.24,273.24,780680.0,780680.0,1,1,MATCHED,0,0.0
T100058,INFY,Equity,BSE,SELL,SELL,300,300,1556.38,1556.38,163.42,163.42,466914.0,466914.0,1,1,MATCHED,0,0.0
T100059,MARUTI,Equity,BSE,SELL,SELL,300,300,12646.97,12646.97,1327.93,1327.93,3794091.0,3794091.0,1,1,MATCHED,0,0.0
T100060,TCS,Equity,BSE,SELL,SELL,50,50,3882.75,3882.75,67.95,67.95,194137.5,194137.5,1,1,MATCHED,0,0.0
T100061,HINDUNILVR,Equity,BSE,SELL,SELL,75,75,2351.83,2351.83,61.74,61.74,176387.25,176387.25,1,1,MATCHED,0,0.0
T100062,INFY,Equity,NSE,SELL,SELL,150,150,1559.69,1559.69,81.88,81.88,233953.5,233953.5,1,1,MATCHED,0,0.0
T100063,MARUTI,Equity,NSE,SELL,SELL,150,150,12698.81,12698.81,666.69,666.69,1904821.5,1904821.5,1,1,MATCHED,0,0.0
T100064,ITC,Equity,BSE,SELL,SELL,100,100,447.06,447.06,15.65,15.65,44706.0,44706.0,1,1,MATCHED,0,0.0
T100065,TATAMOTORS,Equity,NSE,BUY,BUY,50,50,981.87,981.87,17.18,17.18,49093.5,49093.5,1,1,MATCHED,0,0.0
T100066,TCS,Equity,NSE,BUY,BUY,150,150,3875.44,3875.44,203.46,203.46,581316.0,581316.0,1,1,MATCHED,0,0.0
T100067,SBIN,Equity,BSE,SELL,SELL,100,100,816.12,816.12,28.56,28.56,81612.0,81612.0,1,1,MATCHED,0,0.0
T100068,TATAMOTORS,Equity,NSE,BUY,BUY,75,75,982.04,982.04,25.78,25.78,73653.0,73653.0,1,1,MATCHED,0,0.0
T100069,RELIANCE,Equity,NSE,BUY,BUY,200,200,1415.15,1415.15,99.06,99.06,283030.0,283030.0,1,1,MATCHED,0,0.0
T100070,SUNPHARMA,Equity,BSE,SELL,SELL,150,150,1716.61,1716.61,90.12,90.12,257491.5,257491.5,1,1,MATCHED,0,0.0
T100071,LT,Equity,BSE,BUY,BUY,500,500,3631.74,3631.74,635.55,635.55,1815870.0,1815870.0,1,1,MATCHED,0,0.0
T100072,ICICIBANK,Equity,NSE,BUY,BUY,150,150,1241.78,1241.78,65.19,65.19,186267.0,186267.0,1,1,MATCHED,0,0.0
T100073,TATAMOTORS,Equity,BSE,SELL,SELL,500,500,987.8,987.8,172.87,172.87,493900.0,493900.0,1,1,MATCHED,0,0.0
T100074,KOTAKBANK,Equity,BSE,BUY,BUY,500,500,1790.51,1790.51,313.34,313.34,895255.0,895255.0,1,1,MATCHED,0,0.0
T100075,LT,Equity,NSE,SELL,SELL,500,500,3615.63,3615.63,632.74,632.74,1807815.0,1807815.0,1,1,MATCHED,0,0.0
T100076,BHARTIARTL,Equity,NSE,BUY,BUY,50,50,1579.65,1579.65,27.64,27.64,78982.5,78982.5,1,1,MATCHED,0,0.0
T100077,TCS,Equity,BSE,BUY,BUY,500,500,3876.83,3876.83,678.45,678.45,1938415.0,1938415.0,1,1,MATCHED,0,0.0
T100078,ITC,Equity,NSE,BUY,BUY,300,300,448.97,448.97,47.14,47.14,134691.0,134691.0,1,1,MATCHED,0,0.0
T100079,ITC,Equity,BSE,SELL,SELL,150,150,446.7,446.7,23.45,23.45,67005.0,67005.0,1,1,MATCHED,0,0.0
T100080,ICICIBANK,Equity,BSE,BUY,BUY,100,100,1237.52,1237.52,43.31,43.31,123752.0,123752.0,1,1,MATCHED,0,0.0
T100081,ITC,Equity,BSE,BUY,BUY,150,150,449.3,449.3,23.59,23.59,67395.0,67395.0,1,1,MATCHED,0,0.0
T100082,TCS,Equity,BSE,BUY,BUY,200,200,3889.32,3889.32,272.25,272.25,777864.0,777864.0,1,1,MATCHED,0,0.0
T100083,LT,Equity,NSE,SELL,SELL,200,200,3632.5,3632.5,254.28,254.28,726500.0,726500.0,1,1,MATCHED,0,0.0
T100084,TATAMOTORS,Equity,NSE,BUY,BUY,300,300,981.35,981.35,103.04,103.04,294405.0,294405.0,1,1,MATCHED,0,0.0
T100085,AXISBANK,Equity,NSE,BUY,,500,,1133.42,,198.35,,566710.0,,1,0,MISSING IN EXCHANGE,1,566710.0
T100086,SUNPHARMA,Equity,BSE,SELL,SELL,75,75,1721.93,1721.93,45.2,45.2,129144.75,129144.75,1,1,MATCHED,0,0.0
T100087,AXISBANK,Equity,BSE,BUY,BUY,50,50,1130.85,1130.85,19.79,19.79,56542.5,56542.5,1,1,MATCHED,0,0.0
T100088,RELIANCE,Equity,NSE,SELL,SELL,100,100,1424.44,1424.44,49.86,49.86,142444.0,142444.0,1,1,MATCHED,0,0.0
T100089,BHARTIARTL,Equity,NSE,BUY,BUY,500,500,1584.84,1584.84,277.35,277.35,792420.0,792420.0,1,1,MATCHED,0,0.0
T100090,BAJFINANCE,Equity,NSE,SELL,SELL,50,50,7193.27,7193.27,125.88,125.88,359663.5,359663.5,1,1,MATCHED,0,0.0
T100091,ITC,Equity,BSE,SELL,SELL,500,500,448.47,448.47,78.48,78.48,224235.0,224235.0,1,1,MATCHED,0,0.0
T100092,BAJFINANCE,Equity,NSE,SELL,SELL,500,500,7174.35,7174.35,1255.51,1255.51,3587175.0,3587175.0,1,1,MATCHED,0,0.0
T100093,TCS,Equity,NSE,SELL,SELL,150,150,3894.15,3894.15,204.44,204.44,584122.5,584122.5,1,1,MATCHED,0,0.0
T100094,ITC,Equity,NSE,BUY,BUY,500,500,446.45,446.45,78.13,78.13,223225.0,223225.0,1,1,MATCHED,0,0.0
T100095,SUNPHARMA,Equity,BSE,SELL,SELL,300,300,1724.49,1724.49,181.07,181.07,517347.0,517347.0,1,1,MATCHED,0,0.0
T100096,MARUTI,Equity,NSE,SELL,SELL,250,250,12637.34,12637.34,1105.77,1105.77,3159335.0,3159335.0,1,1,MATCHED,0,0.0
T100097,BHARTIARTL,Equity,NSE,SELL,SELL,250,250,1585.04,1585.04,138.69,138.69,396260.0,396260.0,1,1,MATCHED,0,0.0
T100098,BAJFINANCE,Equity,BSE,BUY,BUY,250,250,7181.9,7181.9,628.42,628.42,1795475.0,1795475.0,1,1,MATCHED,0,0.0
T100099,ICICIBANK,Equity,BSE,BUY,BUY,150,150,1242.72,1242.72,65.24,65.24,186408.0,186408.0,1,1,MATCHED,0,0.0
T100100,MARUTI,Equity,NSE,BUY,BUY,200,200,12697.13,12697.13,888.8,888.8,2539426.0,2539426.0,1,1,MATCHED,0,0.0
T100101,TCS,Equity,BSE,BUY,BUY,500,500,3896.81,3896.81,681.94,681.94,1948405.0,1948405.0,1,1,MATCHED,0,0.0
T100102,AXISBANK,Equity,NSE,BUY,BUY,300,300,1125.72,1125.72,118.2,118.2,337716.0,337716.0,1,1,MATCHED,0,0.0
T100103,SBIN,Equity,NSE,BUY,BUY,150,150,811.78,811.78,42.62,42.62,121767.0,121767.0,1,1,MATCHED,0,0.0
T100104,INFY,Equity,BSE,SELL,SELL,75,75,1556.42,1556.42,40.86,40.86,116731.5,116731.5,1,1,MATCHED,0,0.0
T100105,BHARTIARTL,Equity,BSE,BUY,BUY,150,150,1585.93,1585.93,83.26,83.26,237889.5,237889.5,1,1,MATCHED,0,0.0
T100106,AXISBANK,Equity,NSE,SELL,SELL,200,200,1128.11,1128.11,78.97,78.97,225622.0,225622.0,1,1,MATCHED,0,0.0
T100107,MARUTI,Equity,NSE,BUY,BUY,500,500,12606.04,12606.04,2206.06,2206.06,6303020.0,6303020.0,1,1,MATCHED,0,0.0
T100108,INFY,Equity,NSE,SELL,SELL,200,200,1555.84,1555.84,108.91,108.91,311168.0,311168.0,1,1,MATCHED,0,0.0
T100109,BAJFINANCE,Equity,NSE,BUY,BUY,500,500,7191.67,7191.67,1258.54,1258.54,3595835.0,3595835.0,1,1,MATCHED,0,0.0
T100110,BAJFINANCE,Equity,NSE,BUY,BUY,75,75,7188.31,7188.31,188.69,188.69,539123.25,539123.25,1,1,MATCHED,0,0.0
T100111,HINDUNILVR,Equity,BSE,BUY,BUY,75,75,2359.67,2359.67,61.94,61.94,176975.25,176975.25,1,1,MATCHED,0,0.0
T100112,ICICIBANK,Equity,NSE,BUY,BUY,250,250,1237.55,1237.55,108.29,108.29,309387.5,309387.5,1,1,MATCHED,0,0.0
T100113,HDFCBANK,Equity,NSE,SELL,SELL,300,300,1691.64,1691.64,177.62,177.62,507492.0,507492.0,1,1,MATCHED,0,0.0
T100114,KOTAKBANK,Equity,NSE,SELL,SELL,200,200,1797.65,1797.65,125.84,125.84,359530.0,359530.0,1,1,MATCHED,0,0.0
T100115,ITC,Equity,NSE,BUY,BUY,75,75,447.89,447.89,11.76,11.76,33591.75,33591.75,1,1,MATCHED,0,0.0
T100116,AXISBANK,Equity,BSE,BUY,BUY,500,500,1133.87,1133.87,198.43,198.43,566935.0,566935.0,1,1,MATCHED,0,0.0
T100117,AXISBANK,Equity,NSE,BUY,BUY,500,500,1133.12,1133.12,198.3,198.3,566560.0,566560.0,1,1,MATCHED,0,0.0
T100118,BAJFINANCE,Equity,NSE,BUY,BUY,200,200,7177.83,7177.83,502.45,502.45,1435566.0,1435566.0,1,1,MATCHED,0,0.0
T100119,SUNPHARMA,Equity,NSE,SELL,SELL,150,150,1723.44,1723.44,90.48,90.48,258516.0,258516.0,1,1,MATCHED,0,0.0
T100120,HINDUNILVR,Equity,BSE,SELL,SELL,50,50,2359.63,2359.63,41.29,41.29,117981.5,117981.5,1,1,MATCHED,0,0.0
T100121,ITC,Equity,BSE,SELL,SELL,200,200,447.52,447.52,31.33,31.33,89504.0,89504.0,1,1,MATCHED,0,0.0
T100122,BHARTIARTL,Equity,BSE,SELL,SELL,500,500,1579.44,1579.44,276.4,276.4,789720.0,789720.0,1,1,MATCHED,0,0.0
T100123,ITC,Equity,NSE,SELL,SELL,75,75,448.38,448.38,11.77,11.77,33628.5,33628.5,1,1,MATCHED,0,0.0
T100124,ICICIBANK,Equity,BSE,BUY,BUY,50,50,1244.55,1244.55,21.78,21.78,62227.5,62227.5,1,1,MATCHED,0,0.0
T100125,ICICIBANK,Equity,NSE,BUY,BUY,100,100,1239.62,1239.62,43.39,39.05,123962.0,123962.0,1,1,FEE BREAK,1,0.0
T100126,ITC,Equity,BSE,BUY,BUY,200,200,447.91,447.91,31.35,31.35,89582.0,89582.0,1,1,MATCHED,0,0.0
T100127,AXISBANK,Equity,BSE,SELL,SELL,250,250,1127.68,1127.68,98.67,98.67,281920.0,281920.0,1,1,MATCHED,0,0.0
T100128,TATAMOTORS,Equity,NSE,SELL,SELL,300,300,984.82,984.82,103.41,103.41,295446.0,295446.0,1,1,MATCHED,0,0.0
T100129,AXISBANK,Equity,NSE,BUY,BUY,250,250,1132.75,1132.75,99.12,99.12,283187.5,283187.5,1,1,MATCHED,0,0.0
T100130,KOTAKBANK,Equity,BSE,BUY,BUY,300,300,1790.25,1790.25,187.98,187.98,537075.0,537075.0,1,1,MATCHED,0,0.0
T100131,TATAMOTORS,Equity,BSE,BUY,BUY,50,50,988.38,988.38,17.3,17.3,49419.0,49419.0,1,1,MATCHED,0,0.0
T100132,SUNPHARMA,Equity,BSE,BUY,BUY,100,100,1722.43,1722.43,60.29,60.29,172243.0,172243.0,1,1,MATCHED,0,0.0
T100133,ICICIBANK,Equity,NSE,BUY,BUY,300,300,1237.36,1237.36,129.92,129.92,371208.0,371208.0,1,1,MATCHED,0,0.0
T100134,ITC,Equity,BSE,BUY,BUY,200,200,448.32,448.32,31.38,31.38,89664.0,89664.0,1,1,MATCHED,0,0.0
T100135,SBIN,Equity,NSE,SELL,SELL,200,200,817.66,817.66,57.24,57.24,163532.0,163532.0,1,1,MATCHED,0,0.0
T100136,SUNPHARMA,Equity,NSE,SELL,SELL,75,75,1724.91,1724.91,45.28,45.28,129368.25,129368.25,1,1,MATCHED,0,0.0
T100137,ICICIBANK,Equity,BSE,BUY,BUY,250,250,1235.71,1235.71,108.12,108.12,308927.5,308927.5,1,1,MATCHED,0,0.0
T100138,LT,Equity,BSE,SELL,SELL,250,250,3610.45,3610.45,315.91,315.91,902612.5,902612.5,1,1,MATCHED,0,0.0
T100139,SBIN,Equity,NSE,SELL,SELL,250,250,814.83,814.83,71.3,71.3,203707.5,203707.5,1,1,MATCHED,0,0.0
T100140,SBIN,Equity,NSE,BUY,BUY,250,250,814.83,814.83,71.3,71.3,203707.5,203707.5,1,1,MATCHED,0,0.0
T100141,SBIN,Equity,NSE,SELL,SELL,150,150,814.03,814.03,42.74,42.74,122104.5,122104.5,1,1,MATCHED,0,0.0
T100142,MARUTI,Equity,NSE,BUY,BUY,50,50,12668.43,12668.43,221.7,221.7,633421.5,633421.5,1,1,MATCHED,0,0.0
T100143,ITC,Equity,BSE,BUY,BUY,250,250,446.36,446.36,39.06,39.06,111590.0,111590.0,1,1,MATCHED,0,0.0
T100144,ITC,Equity,BSE,BUY,BUY,150,150,446.5,446.5,23.44,23.44,66975.0,66975.0,1,1,MATCHED,0,0.0
T100145,SBIN,Equity,NSE,BUY,BUY,100,100,816.2,816.2,28.57,28.57,81620.0,81620.0,1,1,MATCHED,0,0.0
T100146,TCS,Equity,BSE,BUY,BUY,200,200,3883.68,3883.68,271.86,271.86,776736.0,776736.0,1,1,MATCHED,0,0.0
T100147,LT,Equity,BSE,BUY,BUY,300,300,3608.71,3608.71,378.91,378.91,1082613.0,1082613.0,1,1,MATCHED,0,0.0
T100148,TATAMOTORS,Equity,NSE,BUY,BUY,200,200,987.62,987.62,69.13,69.13,197524.0,197524.0,1,1,MATCHED,0,0.0
T100149,BAJFINANCE,Equity,NSE,SELL,SELL,200,200,7186.46,7186.46,503.05,503.05,1437292.0,1437292.0,1,1,MATCHED,0,0.0
T100150,RELIANCE,Equity,NSE,BUY,BUY,300,300,1420.61,1420.61,149.16,149.16,426183.0,426183.0,1,1,MATCHED,0,0.0
T100151,ITC,Equity,NSE,BUY,BUY,100,100,447.99,447.99,15.68,15.68,44799.0,44799.0,1,1,MATCHED,0,0.0
T100152,ICICIBANK,Equity,BSE,SELL,SELL,300,300,1244.71,1244.71,130.69,130.69,373413.0,373413.0,1,1,MATCHED,0,0.0
T100153,BHARTIARTL,Equity,NSE,SELL,SELL,200,200,1579.4,1579.4,110.56,110.56,315880.0,315880.0,1,1,MATCHED,0,0.0
T100154,ICICIBANK,Equity,NSE,SELL,SELL,50,50,1244.78,1244.78,21.78,21.78,62239.0,62239.0,1,1,MATCHED,0,0.0
T100155,RELIANCE,Equity,BSE,BUY,BUY,500,500,1415.98,1415.98,247.8,247.8,707990.0,707990.0,1,1,MATCHED,0,0.0
T100156,RELIANCE,Equity,BSE,SELL,SELL,100,100,1417.97,1417.97,49.63,49.63,141797.0,141797.0,1,1,MATCHED,0,0.0
T100157,RELIANCE,Equity,NSE,BUY,BUY,100,100,1424.35,1424.35,49.85,49.85,142435.0,142435.0,1,1,MATCHED,0,0.0
T100158,AXISBANK,Equity,BSE,BUY,BUY,200,200,1132.81,1132.81,79.3,79.3,226562.0,226562.0,1,1,MATCHED,0,0.0
T100159,LT,Equity,NSE,BUY,BUY,300,300,3614.24,3614.24,379.5,379.5,1084272.0,1084272.0,1,1,MATCHED,0,0.0
T100160,ICICIBANK,Equity,BSE,BUY,BUY,100,100,1236.93,1236.93,43.29,43.29,123693.0,123693.0,1,1,MATCHED,0,0.0
T100161,BAJFINANCE,Equity,NSE,BUY,BUY,500,500,7187.4,7187.4,1257.8,1257.8,3593700.0,3593700.0,1,1,MATCHED,0,0.0
T100162,BHARTIARTL,Equity,NSE,SELL,SELL,200,200,1583.66,1583.66,110.86,110.86,316732.0,316732.0,1,1,MATCHED,0,0.0
T100163,TCS,Equity,BSE,SELL,SELL,150,150,3879.26,3879.26,203.66,203.66,581889.0,581889.0,1,1,MATCHED,0,0.0
T100164,TATAMOTORS,Equity,BSE,BUY,BUY,50,50,983.38,983.38,17.21,17.21,49169.0,49169.0,1,1,MATCHED,0,0.0
T100165,RELIANCE,Equity,NSE,SELL,SELL,75,75,1424.71,1424.71,37.4,37.4,106853.25,106853.25,1,1,MATCHED,0,0.0
T100166,RELIANCE,Equity,NSE,BUY,BUY,300,300,1415.21,1415.21,148.6,148.6,424563.0,424563.0,1,1,MATCHED,0,0.0
T100167,SBIN,Equity,BSE,SELL,SELL,300,300,811.97,811.97,85.26,85.26,243591.0,243591.0,1,1,MATCHED,0,0.0
T100168,SBIN,Equity,BSE,BUY,BUY,500,500,816.77,816.77,142.93,142.93,408385.0,408385.0,1,1,MATCHED,0,0.0
T100169,BAJFINANCE,Equity,NSE,BUY,BUY,75,75,7188.09,7188.09,188.69,188.69,539106.75,539106.75,1,1,MATCHED,0,0.0
T100170,ITC,Equity,BSE,SELL,SELL,100,100,449.11,449.11,15.72,15.72,44911.0,44911.0,1,1,MATCHED,0,0.0
T100171,SBIN,Equity,NSE,SELL,SELL,150,150,816.93,816.93,42.89,42.89,122539.5,122539.5,1,1,MATCHED,0,0.0
T100172,ITC,Equity,NSE,BUY,BUY,150,150,448.08,448.08,23.52,23.52,67212.0,67212.0,1,1,MATCHED,0,0.0
T100173,RELIANCE,Equity,BSE,SELL,SELL,500,500,1416.94,1416.94,247.96,247.96,708470.0,708470.0,1,1,MATCHED,0,0.0
T100174,INFY,Equity,BSE,BUY,BUY,200,200,1556.5,1556.5,108.95,108.95,311300.0,311300.0,1,1,MATCHED,0,0.0
T100175,SBIN,Equity,NSE,SELL,SELL,50,50,817.46,817.46,14.31,14.31,40873.0,40873.0,1,1,MATCHED,0,0.0
T100176,RELIANCE,Equity,BSE,SELL,SELL,250,250,1417.6,1417.6,124.04,124.04,354400.0,354400.0,1,1,MATCHED,0,0.0
T100177,LT,Equity,NSE,BUY,BUY,300,300,3610.03,3610.03,379.05,379.05,1083009.0,1083009.0,1,1,MATCHED,0,0.0
T100178,HDFCBANK,Equity,NSE,SELL,SELL,200,200,1678.7,1678.7,117.51,117.51,335740.0,335740.0,1,1,MATCHED,0,0.0
T100179,INFY,Equity,BSE,BUY,BUY,75,75,1565.79,1565.79,41.1,41.1,117434.25,117434.25,1,1,MATCHED,0,0.0
T100180,SUNPHARMA,Equity,NSE,SELL,SELL,250,250,1725.9,1725.9,151.02,151.02,431475.0,431475.0,1,1,MATCHED,0,0.0
T100181,INFY,Equity,NSE,SELL,SELL,150,150,1557.79,1557.79,81.78,81.78,233668.5,233668.5,1,1,MATCHED,0,0.0
T100182,SBIN,Equity,BSE,BUY,BUY,100,100,816.37,816.37,28.57,28.57,81637.0,81637.0,1,1,MATCHED,0,0.0
T100183,LT,Equity,NSE,BUY,BUY,300,300,3625.11,3625.11,380.64,380.64,1087533.0,1087533.0,1,1,MATCHED,0,0.0
T100184,BHARTIARTL,Equity,BSE,BUY,BUY,500,500,1587.63,1587.63,277.84,277.84,793815.0,793815.0,1,1,MATCHED,0,0.0
T100185,ICICIBANK,Equity,BSE,BUY,BUY,50,50,1242.19,1242.19,21.74,21.74,62109.5,62109.5,1,1,MATCHED,0,0.0
T100186,ITC,Equity,BSE,BUY,BUY,200,200,448.23,448.23,31.38,31.38,89646.0,89646.0,1,1,MATCHED,0,0.0
T100187,MARUTI,Equity,BSE,BUY,BUY,300,300,12602.68,12602.68,1323.28,1323.28,3780804.0,3780804.0,1,1,MATCHED,0,0.0
T100188,HDFCBANK,Equity,NSE,SELL,SELL,500,500,1685.51,1685.51,294.96,294.96,842755.0,842755.0,1,1,MATCHED,0,0.0
T100189,TCS,Equity,BSE,SELL,SELL,250,250,3891.22,3891.22,340.48,340.48,972805.0,972805.0,1,1,MATCHED,0,0.0
T100190,KOTAKBANK,Equity,BSE,BUY,BUY,250,250,1794.61,1794.61,157.03,157.03,448652.5,448652.5,1,1,MATCHED,0,0.0
T100191,BHARTIARTL,Equity,NSE,BUY,BUY,200,200,1589.13,1589.13,111.24,111.24,317826.0,317826.0,1,1,MATCHED,0,0.0
T100192,HDFCBANK,Equity,BSE,SELL,SELL,200,200,1680.86,1680.86,117.66,117.66,336172.0,336172.0,1,1,MATCHED,0,0.0
T100193,BHARTIARTL,Equity,NSE,BUY,BUY,50,50,1580.39,1580.39,27.66,27.66,79019.5,79019.5,1,1,MATCHED,0,0.0
T100194,TATAMOTORS,Equity,NSE,SELL,SELL,75,75,982.95,982.95,25.8,25.8,73721.25,73721.25,1,1,MATCHED,0,0.0
T100195,SUNPHARMA,Equity,BSE,BUY,BUY,75,75,1716.57,1716.57,45.06,45.06,128742.75,128742.75,1,1,MATCHED,0,0.0
T100196,HINDUNILVR,Equity,NSE,SELL,SELL,50,50,2358.25,2358.25,41.27,41.27,117912.5,117912.5,1,1,MATCHED,0,0.0
T100197,TATAMOTORS,Equity,NSE,BUY,BUY,75,75,983.94,983.94,25.83,25.83,73795.5,73795.5,1,1,MATCHED,0,0.0
T100198,HDFCBANK,Equity,NSE,SELL,SELL,50,50,1681.35,1681.35,29.42,29.42,84067.5,84067.5,1,1,MATCHED,0,0.0
T100199,KOTAKBANK,Equity,BSE,SELL,SELL,50,50,1790.03,1790.03,31.33,31.33,89501.5,89501.5,1,1,MATCHED,0,0.0
T100200,RELIANCE,Equity,BSE,SELL,SELL,250,250,1418.69,1418.69,124.14,124.14,354672.5,354672.5,1,1,MATCHED,0,0.0
T100201,TATAMOTORS,Equity,BSE,SELL,SELL,200,200,988.14,988.14,69.17,69.17,197628.0,197628.0,1,1,MATCHED,0,0.0
T100202,SBIN,Equity,BSE,SELL,SELL,150,150,816.65,816.65,42.87,42.87,122497.5,122497.5,1,1,MATCHED,0,0.0
T100203,AXISBANK,Equity,BSE,SELL,SELL,200,200,1128.46,1128.46,78.99,78.99,225692.0,225692.0,1,1,MATCHED,0,0.0
T100204,INFY,Equity,NSE,BUY,BUY,150,150,1560.3,1560.3,81.92,81.92,234045.0,234045.0,1,1,MATCHED,0,0.0
T100205,HDFCBANK,Equity,BSE,BUY,BUY,200,200,1685.98,1685.98,118.02,118.02,337196.0,337196.0,1,1,MATCHED,0,0.0
T100206,SUNPHARMA,Equity,BSE,SELL,SELL,150,150,1721.7,1721.7,90.39,90.39,258255.0,258255.0,1,1,MATCHED,0,0.0
T100207,RELIANCE,Equity,BSE,SELL,SELL,500,500,1416.41,1416.41,247.87,247.87,708205.0,708205.0,1,1,MATCHED,0,0.0
T100208,HDFCBANK,Equity,BSE,SELL,SELL,200,200,1688.51,1688.51,118.2,118.2,337702.0,337702.0,1,1,MATCHED,0,0.0
T100209,ICICIBANK,Equity,BSE,BUY,BUY,300,300,1241.54,1241.54,130.36,130.36,372462.0,372462.0,1,1,MATCHED,0,0.0
T100210,RELIANCE,Equity,BSE,BUY,BUY,500,500,1422.7,1422.7,248.97,248.97,711350.0,711350.0,1,1,MATCHED,0,0.0
T100211,RELIANCE,Equity,NSE,SELL,SELL,50,50,1421.69,1421.69,24.88,24.88,71084.5,71084.5,1,1,MATCHED,0,0.0
T100212,SBIN,Equity,BSE,SELL,SELL,150,150,815.95,815.95,42.84,42.84,122392.5,122392.5,1,1,MATCHED,0,0.0
T100213,HDFCBANK,Equity,BSE,SELL,,300,,1679.8,,176.38,,503940.0,,1,0,MISSING IN EXCHANGE,1,503940.0
T100214,SUNPHARMA,Equity,NSE,BUY,BUY,100,100,1717.46,1717.46,60.11,60.11,171746.0,171746.0,1,1,MATCHED,0,0.0
T100215,SBIN,Equity,NSE,BUY,BUY,75,75,815.93,815.93,21.42,21.42,61194.75,61194.75,1,1,MATCHED,0,0.0
T100216,LT,Equity,NSE,BUY,BUY,100,100,3631.97,3631.97,127.12,127.12,363197.0,363197.0,1,1,MATCHED,0,0.0
T100217,SUNPHARMA,Equity,NSE,SELL,SELL,150,150,1723.84,1723.84,90.5,90.5,258576.0,258576.0,1,1,MATCHED,0,0.0
T100218,BAJFINANCE,Equity,BSE,BUY,BUY,200,200,7178.43,7178.43,502.49,502.49,1435686.0,1435686.0,1,1,MATCHED,0,0.0
T100219,BAJFINANCE,Equity,BSE,SELL,SELL,50,50,7165.85,7165.85,125.4,125.4,358292.5,358292.5,1,1,MATCHED,0,0.0
T100220,SUNPHARMA,Equity,NSE,SELL,SELL,50,50,1714.45,1714.45,30.0,30.0,85722.5,85722.5,1,1,MATCHED,0,0.0
T100221,MARUTI,Equity,NSE,BUY,BUY,150,150,12655.85,12655.85,664.43,664.43,1898377.5,1898377.5,1,1,MATCHED,0,0.0
T100222,HDFCBANK,Equity,BSE,SELL,SELL,100,100,1683.6,1683.6,58.93,58.93,168360.0,168360.0,1,1,MATCHED,0,0.0
T100223,ICICIBANK,Equity,BSE,BUY,BUY,300,300,1241.69,1241.69,130.38,130.38,372507.0,372507.0,1,1,MATCHED,0,0.0
T100224,RELIANCE,Equity,NSE,SELL,SELL,150,150,1421.85,1421.85,74.65,74.65,213277.5,213277.5,1,1,MATCHED,0,0.0
T100225,HDFCBANK,Equity,NSE,SELL,SELL,150,150,1682.99,1682.99,88.36,88.36,252448.5,252448.5,1,1,MATCHED,0,0.0
T100226,RELIANCE,Equity,BSE,SELL,SELL,200,200,1417.35,1417.35,99.21,99.21,283470.0,283470.0,1,1,MATCHED,0,0.0
T100227,RELIANCE,Equity,BSE,BUY,BUY,200,200,1419.49,1419.49,99.36,99.36,283898.0,283898.0,1,1,MATCHED,0,0.0
T100228,ITC,Equity,NSE,BUY,BUY,50,50,446.76,446.76,7.82,7.82,22338.0,22338.0,1,1,MATCHED,0,0.0
T100229,LT,Equity,NSE,SELL,SELL,150,150,3612.17,3612.17,189.64,189.64,541825.5,541825.5,1,1,MATCHED,0,0.0
T100230,AXISBANK,Equity,NSE,BUY,BUY,50,50,1128.83,1128.83,19.75,19.75,56441.5,56441.5,1,1,MATCHED,0,0.0
T100231,BAJFINANCE,Equity,NSE,SELL,SELL,50,50,7151.91,7151.91,125.16,125.16,357595.5,357595.5,1,1,MATCHED,0,0.0
T100232,SBIN,Equity,NSE,BUY,BUY,50,50,814.62,814.62,14.26,14.26,40731.0,40731.0,1,1,MATCHED,0,0.0
T100233,MARUTI,Equity,BSE,SELL,SELL,300,300,12640.58,12640.58,1327.26,1327.26,3792174.0,3792174.0,1,1,MATCHED,0,0.0
T100234,MARUTI,Equity,NSE,SELL,SELL,500,500,12655.06,12655.06,2214.64,2214.64,6327530.0,6327530.0,1,1,MATCHED,0,0.0
T100235,TCS,Equity,NSE,SELL,SELL,75,75,3901.25,3901.25,102.41,102.41,292593.75,292593.75,1,1,MATCHED,0,0.0
T100236,ICICIBANK,Equity,BSE,SELL,SELL,50,50,1241.36,1241.36,21.72,21.72,62068.0,62068.0,1,1,MATCHED,0,0.0
T100237,HDFCBANK,Equity,BSE,SELL,SELL,250,250,1685.39,1685.39,147.47,147.47,421347.5,421347.5,1,1,MATCHED,0,0.0
T100238,TATAMOTORS,Equity,BSE,SELL,SELL,200,300,984.74,984.74,68.93,103.4,196948.0,295422.0,1,1,QTY BREAK,1,98474.0
T100239,BHARTIARTL,Equity,BSE,BUY,BUY,100,100,1581.8,1581.8,55.36,55.36,158180.0,158180.0,1,1,MATCHED,0,0.0
T100240,LT,Equity,NSE,BUY,BUY,50,50,3607.16,3607.16,63.13,63.13,180358.0,180358.0,1,1,MATCHED,0,0.0
T100241,KOTAKBANK,Equity,NSE,BUY,BUY,200,200,1793.57,1793.57,125.55,125.55,358714.0,358714.0,1,1,MATCHED,0,0.0
T100242,AXISBANK,Equity,BSE,BUY,BUY,500,500,1134.37,1134.37,198.51,198.51,567185.0,567185.0,1,1,MATCHED,0,0.0
T100243,AXISBANK,Equity,NSE,SELL,SELL,100,100,1131.79,1131.79,39.61,39.61,113179.0,113179.0,1,1,MATCHED,0,0.0
T100244,HINDUNILVR,Equity,NSE,SELL,SELL,150,150,2367.2,2367.2,124.28,124.28,355080.0,355080.0,1,1,MATCHED,0,0.0
T100245,HINDUNILVR,Equity,NSE,BUY,BUY,300,300,2362.66,2362.66,248.08,248.08,708798.0,708798.0,1,1,MATCHED,0,0.0
T100246,BHARTIARTL,Equity,NSE,BUY,BUY,75,75,1579.74,1579.74,41.47,41.47,118480.5,118480.5,1,1,MATCHED,0,0.0
T100247,BHARTIARTL,Equity,NSE,SELL,SELL,150,150,1584.31,1584.31,83.18,83.18,237646.5,237646.5,1,1,MATCHED,0,0.0
T100248,TATAMOTORS,Equity,NSE,SELL,SELL,300,300,981.61,981.61,103.07,103.07,294483.0,294483.0,1,1,MATCHED,0,0.0
T100249,AXISBANK,Equity,NSE,SELL,SELL,150,150,1130.33,1130.33,59.34,59.34,169549.5,169549.5,1,1,MATCHED,0,0.0
T100250,SUNPHARMA,Equity,NSE,SELL,SELL,300,450,1715.27,1715.27,180.1,270.16,514581.0,771871.5,1,1,QTY BREAK,1,257290.5
T100251,HDFCBANK,Equity,NSE,SELL,SELL,100,100,1686.72,1686.72,59.04,59.04,168672.0,168672.0,1,1,MATCHED,0,0.0
T100252,HDFCBANK,Equity,BSE,BUY,BUY,500,500,1689.8,1689.8,295.71,295.71,844900.0,844900.0,1,1,MATCHED,0,0.0
T100253,SBIN,Equity,NSE,BUY,BUY,75,75,814.12,814.12,21.37,21.37,61059.0,61059.0,1,1,MATCHED,0,0.0
T100254,TCS,Equity,BSE,BUY,BUY,500,500,3901.25,3901.25,682.72,682.72,1950625.0,1950625.0,1,1,MATCHED,0,0.0
T100255,ITC,Equity,BSE,BUY,BUY,75,75,447.65,447.65,11.75,11.75,33573.75,33573.75,1,1,MATCHED,0,0.0
T100256,ICICIBANK,Equity,NSE,BUY,BUY,200,200,1238.34,1238.34,86.68,86.68,247668.0,247668.0,1,1,MATCHED,0,0.0
T100257,ICICIBANK,Equity,NSE,BUY,BUY,250,250,1241.27,1241.27,108.61,108.61,310317.5,310317.5,1,1,MATCHED,0,0.0
T100258,SBIN,Equity,NSE,SELL,SELL,250,250,814.25,814.25,71.25,71.25,203562.5,203562.5,1,1,MATCHED,0,0.0
T100259,SUNPHARMA,Equity,NSE,BUY,BUY,75,75,1721.94,1721.94,45.2,45.2,129145.5,129145.5,1,1,MATCHED,0,0.0
T100260,KOTAKBANK,Equity,NSE,SELL,SELL,100,100,1796.63,1796.63,62.88,62.88,179663.0,179663.0,1,1,MATCHED,0,0.0
T100261,SUNPHARMA,Equity,BSE,SELL,SELL,75,75,1716.22,1716.22,45.05,45.05,128716.5,128716.5,1,1,MATCHED,0,0.0
T100262,BAJFINANCE,Equity,NSE,SELL,SELL,500,500,7165.88,7165.88,1254.03,1254.03,3582940.0,3582940.0,1,1,MATCHED,0,0.0
T100263,LT,Equity,BSE,SELL,SELL,200,200,3630.13,3630.13,254.11,254.11,726026.0,726026.0,1,1,MATCHED,0,0.0
T100264,BAJFINANCE,Equity,NSE,BUY,BUY,150,150,7166.67,7166.67,376.25,376.25,1075000.5,1075000.5,1,1,MATCHED,0,0.0
T100265,BHARTIARTL,Equity,NSE,BUY,BUY,200,200,1584.88,1587.26,110.94,110.94,316976.0,317452.0,1,1,PRICE BREAK,1,476.0
T100266,LT,Equity,NSE,SELL,SELL,250,250,3619.39,3619.39,316.7,316.7,904847.5,904847.5,1,1,MATCHED,0,0.0
T100267,KOTAKBANK,Equity,NSE,SELL,SELL,100,100,1791.94,1791.94,62.72,62.72,179194.0,179194.0,1,1,MATCHED,0,0.0
T100268,RELIANCE,Equity,NSE,BUY,BUY,250,250,1419.43,1419.43,124.2,124.2,354857.5,354857.5,1,1,MATCHED,0,0.0
T100269,SBIN,Equity,NSE,SELL,SELL,500,500,813.64,813.64,142.39,142.39,406820.0,406820.0,1,1,MATCHED,0,0.0
T100270,BHARTIARTL,Equity,NSE,SELL,SELL,200,200,1582.71,1582.71,110.79,110.79,316542.0,316542.0,1,1,MATCHED,0,0.0
T100271,SUNPHARMA,Equity,BSE,BUY,BUY,500,500,1714.29,1714.29,300.0,300.0,857145.0,857145.0,1,1,MATCHED,0,0.0
T100272,BHARTIARTL,Equity,BSE,SELL,SELL,150,150,1583.4,1583.4,83.13,83.13,237510.0,237510.0,1,1,MATCHED,0,0.0
T100273,INFY,Equity,NSE,SELL,SELL,100,100,1555.66,1555.66,54.45,54.45,155566.0,155566.0,1,1,MATCHED,0,0.0
T100274,AXISBANK,Equity,BSE,SELL,SELL,150,150,1127.34,1127.34,59.19,59.19,169101.0,169101.0,1,1,MATCHED,0,0.0
T100275,MARUTI,Equity,BSE,BUY,BUY,150,150,12688.41,12688.41,666.14,666.14,1903261.5,1903261.5,1,1,MATCHED,0,0.0
T100276,TCS,Equity,NSE,BUY,BUY,75,75,3896.38,3896.38,102.28,102.28,292228.5,292228.5,1,1,MATCHED,0,0.0
T100277,TCS,Equity,BSE,SELL,SELL,500,500,3891.56,3891.56,681.02,681.02,1945780.0,1945780.0,1,1,MATCHED,0,0.0
T100278,LT,Equity,BSE,SELL,SELL,200,200,3608.56,3608.56,252.6,252.6,721712.0,721712.0,1,1,MATCHED,0,0.0
T100279,ICICIBANK,Equity,BSE,BUY,BUY,300,300,1235.82,1235.82,129.76,129.76,370746.0,370746.0,1,1,MATCHED,0,0.0
T100280,HDFCBANK,Equity,BSE,BUY,BUY,75,75,1687.88,1687.88,44.31,44.31,126591.0,126591.0,1,1,MATCHED,0,0.0
T100281,ICICIBANK,Equity,NSE,SELL,SELL,500,500,1244.64,1244.64,217.81,217.81,622320.0,622320.0,1,1,MATCHED,0,0.0
T100282,SUNPHARMA,Equity,BSE,BUY,BUY,75,75,1726.53,1726.53,45.32,45.32,129489.75,129489.75,1,1,MATCHED,0,0.0
T100283,TATAMOTORS,Equity,BSE,BUY,BUY,75,75,983.59,983.59,25.82,25.82,73769.25,73769.25,1,1,MATCHED,0,0.0
T100284,LT,Equity,BSE,BUY,BUY,100,100,3620.78,3620.78,126.73,126.73,362078.0,362078.0,1,1,MATCHED,0,0.0
T100285,TATAMOTORS,Equity,BSE,SELL,SELL,75,75,988.71,988.71,25.95,25.95,74153.25,74153.25,1,1,MATCHED,0,0.0
T100286,AXISBANK,Equity,NSE,SELL,SELL,50,50,1131.67,1131.67,19.8,19.8,56583.5,56583.5,1,1,MATCHED,0,0.0
T100287,ICICIBANK,Equity,NSE,SELL,SELL,150,150,1244.55,1244.55,65.34,65.34,186682.5,186682.5,1,1,MATCHED,0,0.0
T100288,ITC,Equity,BSE,BUY,BUY,250,250,446.45,446.45,39.06,39.06,111612.5,111612.5,1,1,MATCHED,0,0.0
T100289,LT,Equity,NSE,BUY,BUY,500,500,3608.07,3608.07,631.41,631.41,1804035.0,1804035.0,1,1,MATCHED,0,0.0
T100290,RELIANCE,Equity,NSE,SELL,SELL,250,250,1424.92,1424.92,124.68,124.68,356230.0,356230.0,1,1,MATCHED,0,0.0
T100291,AXISBANK,Equity,NSE,BUY,BUY,50,50,1132.64,1132.64,19.82,19.82,56632.0,56632.0,1,1,MATCHED,0,0.0
T100292,RELIANCE,Equity,BSE,BUY,BUY,500,500,1422.32,1426.59,248.91,248.91,711160.0,713295.0,1,1,PRICE BREAK,1,2135.0
T100293,BAJFINANCE,Equity,NSE,SELL,SELL,200,200,7158.91,7158.91,501.12,501.12,1431782.0,1431782.0,1,1,MATCHED,0,0.0
T100294,LT,Equity,NSE,BUY,BUY,100,150,3606.89,3606.89,126.24,189.36,360689.0,541033.5,1,1,QTY BREAK,1,180344.5
T100295,SBIN,Equity,BSE,SELL,SELL,250,250,814.81,814.81,71.3,71.3,203702.5,203702.5,1,1,MATCHED,0,0.0
T100296,LT,Equity,NSE,SELL,SELL,100,100,3631.28,3631.28,127.09,127.09,363128.0,363128.0,1,1,MATCHED,0,0.0
T100297,RELIANCE,Equity,NSE,BUY,BUY,75,75,1416.76,1416.76,37.19,37.19,106257.0,106257.0,1,1,MATCHED,0,0.0
T100298,KOTAKBANK,Equity,BSE,SELL,SELL,150,150,1791.13,1791.13,94.03,94.03,268669.5,268669.5,1,1,MATCHED,0,0.0
T100299,ICICIBANK,Equity,BSE,SELL,SELL,100,100,1237.25,1237.25,43.3,43.3,123725.0,123725.0,1,1,MATCHED,0,0.0
T100300,LT,Equity,BSE,BUY,BUY,200,200,3607.17,3607.17,252.5,252.5,721434.0,721434.0,1,1,MATCHED,0,0.0
T100301,NIFTY-FUT,Future,BSE,SELL,SELL,75,75,24823.65,24823.65,372.35,372.35,1861773.75,1861773.75,1,1,MATCHED,0,0.0
T100302,NIFTY-FUT,Future,BSE,SELL,SELL,100,100,24784.86,24784.86,495.7,495.7,2478486.0,2478486.0,1,1,MATCHED,0,0.0
T100303,FINNIFTY-FUT,Future,NSE,BUY,BUY,80,80,26051.69,26051.69,416.83,416.83,2084135.2,2084135.2,1,1,MATCHED,0,0.0
T100304,NIFTY-FUT,Future,NSE,BUY,BUY,50,50,24875.55,24875.55,248.76,248.76,1243777.5,1243777.5,1,1,MATCHED,0,0.0
T100305,FINNIFTY-FUT,Future,NSE,BUY,BUY,200,200,26181.65,26181.65,1047.27,1047.27,5236330.0,5236330.0,1,1,MATCHED,0,0.0
T100306,FINNIFTY-FUT,Future,BSE,SELL,SELL,80,80,26083.94,26083.94,417.34,417.34,2086715.2,2086715.2,1,1,MATCHED,0,0.0
T100307,BANKNIFTY-FUT,Future,NSE,BUY,BUY,30,30,55222.75,55222.75,331.34,331.34,1656682.5,1656682.5,1,1,MATCHED,0,0.0
T100308,NIFTY-FUT,Future,NSE,BUY,BUY,200,200,24830.17,24830.17,993.21,993.21,4966034.0,4966034.0,1,1,MATCHED,0,0.0
T100309,NIFTY-FUT,Future,NSE,BUY,BUY,50,50,24920.64,24920.64,249.21,249.21,1246032.0,1246032.0,1,1,MATCHED,0,0.0
T100310,BANKNIFTY-FUT,Future,NSE,SELL,SELL,60,60,55235.41,55235.41,662.82,662.82,3314124.6,3314124.6,1,1,MATCHED,0,0.0
T100311,BANKNIFTY-FUT,Future,NSE,SELL,SELL,60,60,55256.67,55256.67,663.08,663.08,3315400.2,3315400.2,1,1,MATCHED,0,0.0
T100312,FINNIFTY-FUT,Future,BSE,SELL,SELL,120,120,26185.73,26185.73,628.46,628.46,3142287.6,3142287.6,1,1,MATCHED,0,0.0
T100313,NIFTY-FUT,Future,NSE,BUY,BUY,250,250,24790.75,24790.75,1239.54,1239.54,6197687.5,6197687.5,1,1,MATCHED,0,0.0
T100314,FINNIFTY-FUT,Future,BSE,BUY,BUY,160,160,26057.02,26057.02,833.82,833.82,4169123.2,4169123.2,1,1,MATCHED,0,0.0
T100315,BANKNIFTY-FUT,Future,BSE,SELL,SELL,45,45,55219.16,55219.16,496.97,496.97,2484862.2,2484862.2,1,1,MATCHED,0,0.0
T100316,FINNIFTY-FUT,Future,NSE,BUY,BUY,120,120,26005.59,26044.6,624.13,624.13,3120670.8,3125352.0,1,1,PRICE BREAK,1,4681.2
T100317,BANKNIFTY-FUT,Future,NSE,BUY,,75,,55266.24,,828.99,,4144968.0,,1,0,MISSING IN EXCHANGE,1,4144968.0
T100318,NIFTY-FUT,Future,BSE,SELL,SELL,125,125,24800.95,24800.95,620.02,620.02,3100118.75,3100118.75,1,1,MATCHED,0,0.0
T100319,BANKNIFTY-FUT,Future,NSE,BUY,BUY,30,30,55357.44,55357.44,332.14,332.14,1660723.2,1660723.2,1,1,MATCHED,0,0.0
T100320,FINNIFTY-FUT,Future,BSE,BUY,BUY,40,40,26052.82,26052.82,208.42,208.42,1042112.8,1042112.8,1,1,MATCHED,0,0.0
T100321,NIFTY-FUT,Future,BSE,BUY,BUY,50,50,24929.75,24929.75,249.3,249.3,1246487.5,1246487.5,1,1,MATCHED,0,0.0
T100322,FINNIFTY-FUT,Future,BSE,SELL,SELL,320,320,26110.54,26110.54,1671.07,1671.07,8355372.8,8355372.8,1,1,MATCHED,0,0.0
T100323,FINNIFTY-FUT,Future,BSE,BUY,BUY,200,200,26139.42,26139.42,1045.58,1045.58,5227884.0,5227884.0,1,1,MATCHED,0,0.0
T100324,NIFTY-FUT,Future,NSE,BUY,BUY,50,50,24885.12,24885.12,248.85,248.85,1244256.0,1244256.0,1,1,MATCHED,0,0.0
T100325,NIFTY-FUT,Future,BSE,SELL,SELL,25,25,24932.77,24932.77,124.66,124.66,623319.25,623319.25,1,1,MATCHED,0,0.0
T100326,NIFTY-FUT,Future,BSE,SELL,SELL,50,50,24864.39,24864.39,248.64,248.64,1243219.5,1243219.5,1,1,MATCHED,0,0.0
T100327,BANKNIFTY-FUT,Future,NSE,SELL,SELL,15,15,55306.85,55306.85,165.92,165.92,829602.75,829602.75,1,1,MATCHED,0,0.0
T100328,BANKNIFTY-FUT,Future,BSE,BUY,BUY,45,45,55141.59,55141.59,496.27,496.27,2481371.55,2481371.55,1,1,MATCHED,0,0.0
T100329,BANKNIFTY-FUT,Future,NSE,SELL,SELL,150,150,55394.72,55394.72,1661.84,1661.84,8309208.0,8309208.0,1,1,MATCHED,0,0.0
T100330,BANKNIFTY-FUT,Future,BSE,BUY,BUY,150,150,55111.42,55111.42,1653.34,1653.34,8266713.0,8266713.0,1,1,MATCHED,0,0.0
T100331,BANKNIFTY-FUT,Future,NSE,BUY,BUY,150,150,55342.51,55342.51,1660.28,1660.28,8301376.5,8301376.5,1,1,MATCHED,0,0.0
T100332,BANKNIFTY-FUT,Future,NSE,SELL,SELL,45,45,55290.33,55290.33,497.61,497.61,2488064.85,2488064.85,1,1,MATCHED,0,0.0
T100333,FINNIFTY-FUT,Future,BSE,BUY,BUY,200,200,26199.35,26199.35,1047.97,1047.97,5239870.0,5239870.0,1,1,MATCHED,0,0.0
T100334,NIFTY-FUT,Future,BSE,SELL,SELL,25,25,24790.33,24790.33,123.95,123.95,619758.25,619758.25,1,1,MATCHED,0,0.0
T100335,BANKNIFTY-FUT,Future,NSE,BUY,BUY,60,60,55246.0,55246.0,662.95,662.95,3314760.0,3314760.0,1,1,MATCHED,0,0.0
T100336,FINNIFTY-FUT,Future,BSE,SELL,SELL,80,80,26182.84,26182.84,418.93,418.93,2094627.2,2094627.2,1,1,MATCHED,0,0.0
T100337,NIFTY-FUT,Future,BSE,BUY,BUY,200,200,24842.35,24842.35,993.69,993.69,4968470.0,4968470.0,1,1,MATCHED,0,0.0
T100338,BANKNIFTY-FUT,Future,BSE,SELL,SELL,150,150,55013.95,55013.95,1650.42,1650.42,8252092.5,8252092.5,1,1,MATCHED,0,0.0
T100339,NIFTY-FUT,Future,BSE,BUY,BUY,25,25,24870.31,24870.31,124.35,124.35,621757.75,621757.75,1,1,MATCHED,0,0.0
T100340,BANKNIFTY-FUT,Future,BSE,SELL,SELL,60,60,55334.4,55334.4,664.01,664.01,3320064.0,3320064.0,1,1,MATCHED,0,0.0
T100341,FINNIFTY-FUT,Future,BSE,SELL,SELL,80,80,26170.88,26170.88,418.73,418.73,2093670.4,2093670.4,1,1,MATCHED,0,0.0
T100342,NIFTY-FUT,Future,BSE,BUY,BUY,100,100,24815.59,24815.59,496.31,496.31,2481559.0,2481559.0,1,1,MATCHED,0,0.0
T100343,FINNIFTY-FUT,Future,BSE,SELL,SELL,160,160,26179.34,26179.34,837.74,837.74,4188694.4,4188694.4,1,1,MATCHED,0,0.0
T100344,FINNIFTY-FUT,Future,NSE,BUY,BUY,400,400,26153.63,26153.63,2092.29,2092.29,10461452.0,10461452.0,1,1,MATCHED,0,0.0
T100345,NIFTY-FUT,Future,BSE,BUY,BUY,125,125,24878.63,24878.63,621.97,621.97,3109828.75,3109828.75,1,1,MATCHED,0,0.0
T100346,BANKNIFTY-FUT,Future,NSE,BUY,BUY,15,15,55402.7,55402.7,166.21,166.21,831040.5,831040.5,1,1,MATCHED,0,0.0
T100347,BANKNIFTY-FUT,Future,NSE,BUY,BUY,120,120,54997.32,54997.32,1319.94,1319.94,6599678.4,6599678.4,1,1,MATCHED,0,0.0
T100348,BANKNIFTY-FUT,Future,NSE,BUY,BUY,150,150,55243.12,55243.12,1657.29,1657.29,8286468.0,8286468.0,1,1,MATCHED,0,0.0
T100349,BANKNIFTY-FUT,Future,NSE,BUY,BUY,150,150,54986.04,54986.04,1649.58,1649.58,8247906.0,8247906.0,1,1,MATCHED,0,0.0
T100350,NIFTY-FUT,Future,NSE,SELL,SELL,75,75,24764.8,24764.8,371.47,371.47,1857360.0,1857360.0,1,1,MATCHED,0,0.0
T100351,FINNIFTY-FUT,Future,NSE,BUY,BUY,200,200,26177.06,26177.06,1047.08,1047.08,5235412.0,5235412.0,1,1,MATCHED,0,0.0
T100352,BANKNIFTY-FUT,Future,NSE,SELL,SELL,30,30,55195.15,55195.15,331.17,331.17,1655854.5,1655854.5,1,1,MATCHED,0,0.0
T100353,BANKNIFTY-FUT,Future,NSE,BUY,BUY,150,150,55340.39,55340.39,1660.21,1660.21,8301058.5,8301058.5,1,1,MATCHED,0,0.0
T100354,FINNIFTY-FUT,Future,BSE,SELL,SELL,200,200,26105.14,26105.14,1044.21,1044.21,5221028.0,5221028.0,1,1,MATCHED,0,0.0
T100355,BANKNIFTY-FUT,Future,NSE,SELL,SELL,150,150,55345.07,55345.07,1660.35,1660.35,8301760.5,8301760.5,1,1,MATCHED,0,0.0
T100356,FINNIFTY-FUT,Future,BSE,BUY,BUY,80,80,26094.32,26094.32,417.51,417.51,2087545.6,2087545.6,1,1,MATCHED,0,0.0
T100357,FINNIFTY-FUT,Future,BSE,BUY,BUY,160,160,26082.94,26082.94,834.65,834.65,4173270.4,4173270.4,1,1,MATCHED,0,0.0
T100358,BANKNIFTY-FUT,Future,BSE,SELL,SELL,75,75,55008.24,55008.24,825.12,825.12,4125618.0,4125618.0,1,1,MATCHED,0,0.0
T100359,NIFTY-FUT,Future,BSE,BUY,BUY,75,75,24834.37,24834.37,372.52,372.52,1862577.75,1862577.75,1,1,MATCHED,0,0.0
T100360,NIFTY-FUT,Future,BSE,SELL,SELL,25,25,24928.32,24928.32,124.64,124.64,623208.0,623208.0,1,1,MATCHED,0,0.0
T100361,BANKNIFTY-FUT,Future,NSE,SELL,SELL,150,150,55120.29,55120.29,1653.61,1653.61,8268043.5,8268043.5,1,1,MATCHED,0,0.0
T100362,NIFTY-FUT,Future,NSE,BUY,BUY,25,25,24911.91,24911.91,124.56,124.56,622797.75,622797.75,1,1,MATCHED,0,0.0
T100363,BANKNIFTY-FUT,Future,BSE,SELL,SELL,45,45,55112.79,55112.79,496.02,496.02,2480075.55,2480075.55,1,1,MATCHED,0,0.0
T100364,FINNIFTY-FUT,Future,NSE,SELL,SELL,40,40,26090.89,26090.89,208.73,208.73,1043635.6,1043635.6,1,1,MATCHED,0,0.0
T100365,BANKNIFTY-FUT,Future,NSE,SELL,SELL,60,60,55018.17,55018.17,660.22,660.22,3301090.2,3301090.2,1,1,MATCHED,0,0.0
T100366,BANKNIFTY-FUT,Future,NSE,BUY,BUY,60,60,55141.76,55141.76,661.7,661.7,3308505.6,3308505.6,1,1,MATCHED,0,0.0
T100367,NIFTY-FUT,Future,BSE,SELL,SELL,100,100,24796.13,24796.13,495.92,495.92,2479613.0,2479613.0,1,1,MATCHED,0,0.0
T100368,BANKNIFTY-FUT,Future,BSE,BUY,BUY,75,75,54993.36,54993.36,824.9,824.9,4124502.0,4124502.0,1,1,MATCHED,0,0.0
T100369,NIFTY-FUT,Future,BSE,BUY,BUY,250,250,24773.2,24773.2,1238.66,1238.66,6193300.0,6193300.0,1,1,MATCHED,0,0.0
T100370,NIFTY-FUT,Future,BSE,BUY,BUY,250,250,24905.22,24905.22,1245.26,1245.26,6226305.0,6226305.0,1,1,MATCHED,0,0.0
T100371,FINNIFTY-FUT,Future,NSE,SELL,SELL,40,40,26118.56,26118.56,208.95,208.95,1044742.4,1044742.4,1,1,MATCHED,0,0.0
T100372,NIFTY-FUT,Future,NSE,BUY,BUY,50,50,24878.19,24878.19,248.78,248.78,1243909.5,1243909.5,1,1,MATCHED,0,0.0
T100373,FINNIFTY-FUT,Future,BSE,BUY,BUY,200,200,26173.22,26173.22,1046.93,1046.93,5234644.0,5234644.0,1,1,MATCHED,0,0.0
T100374,FINNIFTY-FUT,Future,BSE,BUY,BUY,160,160,26049.34,26049.34,833.58,833.58,4167894.4,4167894.4,1,1,MATCHED,0,0.0
T100375,BANKNIFTY-FUT,Future,BSE,BUY,BUY,30,30,55371.75,55371.75,332.23,332.23,1661152.5,1661152.5,1,1,MATCHED,0,0.0
T100376,BANKNIFTY-FUT,Future,BSE,BUY,BUY,75,75,55293.0,55293.0,829.4,829.4,4146975.0,4146975.0,1,1,MATCHED,0,0.0
T100377,NIFTY-FUT,Future,NSE,BUY,BUY,100,100,24819.15,24819.15,496.38,496.38,2481915.0,2481915.0,1,1,MATCHED,0,0.0
T100378,NIFTY-FUT,Future,BSE,BUY,BUY,25,25,24885.58,24885.58,124.43,124.43,622139.5,622139.5,1,1,MATCHED,0,0.0
T100379,NIFTY-FUT,Future,BSE,SELL,SELL,250,250,24787.99,24787.99,1239.4,1239.4,6196997.5,6196997.5,1,1,MATCHED,0,0.0
T100380,BANKNIFTY-FUT,Future,BSE,BUY,BUY,120,120,55062.62,55062.62,1321.5,1321.5,6607514.4,6607514.4,1,1,MATCHED,0,0.0
T100381,BANKNIFTY-FUT,Future,NSE,BUY,BUY,60,60,55285.44,55285.44,663.43,663.43,3317126.4,3317126.4,1,1,MATCHED,0,0.0
T100382,FINNIFTY-FUT,Future,NSE,BUY,BUY,40,40,26083.57,26083.57,208.67,208.67,1043342.8,1043342.8,1,1,MATCHED,0,0.0
T100383,FINNIFTY-FUT,Future,NSE,BUY,BUY,200,200,26069.16,26069.16,1042.77,1042.77,5213832.0,5213832.0,1,1,MATCHED,0,0.0
T100384,FINNIFTY-FUT,Future,BSE,BUY,BUY,40,40,26199.33,26199.33,209.59,209.59,1047973.2,1047973.2,1,1,MATCHED,0,0.0
T100385,NIFTY-FUT,Future,BSE,SELL,SELL,100,100,24889.23,24889.23,497.78,497.78,2488923.0,2488923.0,1,1,MATCHED,0,0.0
T100386,FINNIFTY-FUT,Future,NSE,SELL,SELL,400,400,26201.05,26201.05,2096.08,2096.08,10480420.0,10480420.0,1,1,MATCHED,0,0.0
T100387,NIFTY-FUT,Future,NSE,BUY,BUY,200,200,24877.03,24877.03,995.08,995.08,4975406.0,4975406.0,1,1,MATCHED,0,0.0
T100388,BANKNIFTY-FUT,Future,BSE,BUY,BUY,120,120,55387.96,55387.96,1329.31,1329.31,6646555.2,6646555.2,1,1,MATCHED,0,0.0
T100389,FINNIFTY-FUT,Future,BSE,SELL,SELL,400,400,26146.99,26146.99,2091.76,2091.76,10458796.0,10458796.0,1,1,MATCHED,0,0.0
T100390,FINNIFTY-FUT,Future,NSE,SELL,SELL,320,320,26105.4,26105.4,1670.75,1670.75,8353728.0,8353728.0,1,1,MATCHED,0,0.0
T100391,BANKNIFTY-55500-PE,Option,BSE,SELL,SELL,150,150,387.63,387.63,29.07,29.07,58144.5,58144.5,1,1,MATCHED,0,0.0
T100392,NIFTY-24800-CE,Option,BSE,SELL,SELL,75,75,181.97,181.97,6.82,6.82,13647.75,13647.75,1,1,MATCHED,0,0.0
T100393,NIFTY-25000-PE,Option,NSE,SELL,SELL,100,100,145.83,145.83,7.29,7.29,14583.0,14583.0,1,1,MATCHED,0,0.0
T100394,BANKNIFTY-55000-CE,Option,BSE,BUY,BUY,45,45,409.28,409.28,9.21,9.21,18417.6,18417.6,1,1,MATCHED,0,0.0
T100395,NIFTY-25000-PE,Option,BSE,BUY,BUY,75,75,146.16,146.16,5.48,5.48,10962.0,10962.0,1,1,MATCHED,0,0.0
T100396,BANKNIFTY-55500-PE,Option,BSE,SELL,SELL,120,120,387.83,387.83,23.27,23.27,46539.6,46539.6,1,1,MATCHED,0,0.0
T100397,NIFTY-24800-CE,Option,BSE,SELL,SELL,200,200,181.37,181.37,18.14,18.14,36274.0,36274.0,1,1,MATCHED,0,0.0
T100398,BANKNIFTY-55500-PE,Option,BSE,SELL,SELL,75,75,387.22,387.22,14.52,14.52,29041.5,29041.5,1,1,MATCHED,0,0.0
T100399,NIFTY-25000-PE,Option,NSE,SELL,SELL,250,250,145.68,145.68,18.21,18.21,36420.0,36420.0,1,1,MATCHED,0,0.0
T100400,BANKNIFTY-55000-CE,Option,BSE,BUY,BUY,60,60,409.01,409.01,12.27,12.27,24540.6,24540.6,1,1,MATCHED,0,0.0
T100401,NIFTY-25000-PE,Option,BSE,BUY,BUY,125,125,146.18,146.18,9.14,9.14,18272.5,18272.5,1,1,MATCHED,0,0.0
T100402,BANKNIFTY-55000-CE,Option,BSE,SELL,SELL,30,30,409.64,409.64,6.14,6.14,12289.2,12289.2,1,1,MATCHED,0,0.0
T100403,NIFTY-25000-PE,Option,NSE,SELL,SELL,125,125,145.75,145.75,9.11,9.11,18218.75,18218.75,1,1,MATCHED,0,0.0
T100404,NIFTY-24800-CE,Option,BSE,BUY,SELL,100,100,181.32,181.32,9.07,9.07,18132.0,18132.0,1,1,SIDE BREAK,1,0.0
T100405,BANKNIFTY-55500-PE,Option,BSE,BUY,BUY,75,75,388.78,388.78,14.58,14.58,29158.5,29158.5,1,1,MATCHED,0,0.0
T100406,NIFTY-24800-CE,Option,NSE,SELL,SELL,50,50,181.56,181.56,4.54,4.54,9078.0,9078.0,1,1,MATCHED,0,0.0
T100407,NIFTY-24800-CE,Option,NSE,BUY,BUY,50,50,182.42,182.42,4.56,4.56,9121.0,9121.0,1,1,MATCHED,0,0.0
T100408,BANKNIFTY-55000-CE,Option,BSE,BUY,BUY,60,60,411.07,411.07,12.33,12.33,24664.2,24664.2,1,1,MATCHED,0,0.0
T100409,BANKNIFTY-55500-PE,Option,NSE,BUY,BUY,150,150,388.4,388.4,29.13,29.13,58260.0,58260.0,1,1,MATCHED,0,0.0
T100410,BANKNIFTY-55500-PE,Option,BSE,BUY,BUY,75,75,388.4,388.4,14.56,14.56,29130.0,29130.0,1,1,MATCHED,0,0.0
T100411,NIFTY-25000-PE,Option,BSE,SELL,SELL,100,100,145.66,145.66,7.28,7.28,14566.0,14566.0,1,1,MATCHED,0,0.0
T100412,NIFTY-25000-PE,Option,NSE,SELL,SELL,200,200,146.38,146.38,14.64,14.64,29276.0,29276.0,1,1,MATCHED,0,0.0
T100413,BANKNIFTY-55500-PE,Option,BSE,BUY,BUY,45,45,388.35,388.35,8.74,8.74,17475.75,17475.75,1,1,MATCHED,0,0.0
T100414,BANKNIFTY-55500-PE,Option,BSE,SELL,SELL,120,120,387.49,387.49,23.25,23.25,46498.8,46498.8,1,1,MATCHED,0,0.0
T100415,NIFTY-25000-PE,Option,BSE,BUY,BUY,25,25,145.92,145.92,1.82,1.82,3648.0,3648.0,1,1,MATCHED,0,0.0
T100416,NIFTY-24800-CE,Option,NSE,BUY,BUY,100,100,181.69,181.69,9.08,9.08,18169.0,18169.0,1,1,MATCHED,0,0.0
T100417,NIFTY-25000-PE,Option,NSE,SELL,SELL,250,250,146.03,146.03,18.25,19.71,36507.5,36507.5,1,1,FEE BREAK,1,0.0
T100418,BANKNIFTY-55000-CE,Option,BSE,BUY,BUY,60,60,410.41,410.41,12.31,12.31,24624.6,24624.6,1,1,MATCHED,0,0.0
T100419,NIFTY-25000-PE,Option,BSE,SELL,SELL,100,100,145.77,145.77,7.29,7.29,14577.0,14577.0,1,1,MATCHED,0,0.0
T100420,NIFTY-25000-PE,Option,BSE,BUY,BUY,25,25,146.27,146.27,1.83,1.83,3656.75,3656.75,1,1,MATCHED,0,0.0
T100421,NIFTY-25000-PE,Option,BSE,SELL,SELL,75,75,145.82,145.82,5.47,5.47,10936.5,10936.5,1,1,MATCHED,0,0.0
T100422,NIFTY-24800-CE,Option,NSE,SELL,SELL,25,25,181.65,181.65,2.27,2.27,4541.25,4541.25,1,1,MATCHED,0,0.0
T100423,NIFTY-24800-CE,Option,NSE,SELL,SELL,125,125,182.22,182.22,11.39,11.39,22777.5,22777.5,1,1,MATCHED,0,0.0
T100424,NIFTY-25000-PE,Option,NSE,BUY,BUY,75,75,146.36,146.36,5.49,5.49,10977.0,10977.0,1,1,MATCHED,0,0.0
T100425,BANKNIFTY-55500-PE,Option,BSE,SELL,SELL,120,120,389.22,389.22,23.35,23.35,46706.4,46706.4,1,1,MATCHED,0,0.0
T100426,NIFTY-24800-CE,Option,NSE,SELL,SELL,75,75,182.27,182.27,6.84,6.84,13670.25,13670.25,1,1,MATCHED,0,0.0
T100427,NIFTY-24800-CE,Option,NSE,SELL,SELL,25,25,182.54,182.54,2.28,2.28,4563.5,4563.5,1,1,MATCHED,0,0.0
T100428,NIFTY-24800-CE,Option,NSE,SELL,SELL,200,200,181.78,181.78,18.18,18.18,36356.0,36356.0,1,1,MATCHED,0,0.0
T100429,BANKNIFTY-55500-PE,Option,BSE,BUY,BUY,45,45,389.22,389.22,8.76,8.76,17514.9,17514.9,1,1,MATCHED,0,0.0
T100430,BANKNIFTY-55500-PE,Option,NSE,SELL,SELL,15,15,388.92,388.92,2.92,2.92,5833.8,5833.8,1,1,MATCHED,0,0.0
T100431,NIFTY-24800-CE,Option,NSE,BUY,BUY,125,125,182.59,182.59,11.41,12.32,22823.75,22823.75,1,1,FEE BREAK,1,0.0
T100432,NIFTY-25000-PE,Option,NSE,BUY,BUY,100,100,145.7,145.7,7.29,7.29,14570.0,14570.0,1,1,MATCHED,0,0.0
T100433,BANKNIFTY-55500-PE,Option,BSE,SELL,SELL,75,75,386.52,386.52,14.49,14.49,28989.0,28989.0,1,1,MATCHED,0,0.0
T100434,BANKNIFTY-55500-PE,Option,BSE,BUY,BUY,60,60,389.26,389.26,11.68,11.68,23355.6,23355.6,1,1,MATCHED,0,0.0
T100435,NIFTY-24800-CE,Option,NSE,BUY,BUY,75,75,181.79,181.79,6.82,6.82,13634.25,13634.25,1,1,MATCHED,0,0.0
T100436,NIFTY-24800-CE,Option,BSE,SELL,SELL,25,25,181.88,181.88,2.27,2.27,4547.0,4547.0,1,1,MATCHED,0,0.0
T100437,BANKNIFTY-55000-CE,Option,BSE,BUY,BUY,120,120,410.74,410.74,24.64,24.64,49288.8,49288.8,1,1,MATCHED,0,0.0
T100438,BANKNIFTY-55000-CE,Option,NSE,BUY,BUY,120,120,408.54,408.54,24.51,24.51,49024.8,49024.8,1,1,MATCHED,0,0.0
T100439,BANKNIFTY-55500-PE,Option,BSE,SELL,SELL,75,75,387.22,387.22,14.52,14.52,29041.5,29041.5,1,1,MATCHED,0,0.0
T100440,BANKNIFTY-55000-CE,Option,NSE,BUY,BUY,45,45,411.05,411.05,9.25,9.25,18497.25,18497.25,1,1,MATCHED,0,0.0
T100441,NIFTY-24800-CE,Option,BSE,BUY,BUY,125,125,181.84,181.84,11.37,11.37,22730.0,22730.0,1,1,MATCHED,0,0.0
T100442,BANKNIFTY-55500-PE,Option,NSE,BUY,BUY,30,30,387.95,387.95,5.82,5.82,11638.5,11638.5,1,1,MATCHED,0,0.0
T100443,BANKNIFTY-55500-PE,Option,NSE,BUY,BUY,45,45,386.55,386.55,8.7,8.7,17394.75,17394.75,1,1,MATCHED,0,0.0
T100444,NIFTY-25000-PE,Option,BSE,SELL,SELL,75,75,145.73,145.73,5.46,5.46,10929.75,10929.75,1,1,MATCHED,0,0.0
T100445,NIFTY-24800-CE,Option,BSE,SELL,SELL,100,100,182.33,182.33,9.12,9.12,18233.0,18233.0,1,1,MATCHED,0,0.0
T100446,BANKNIFTY-55000-CE,Option,BSE,BUY,BUY,120,120,409.7,409.7,24.58,24.58,49164.0,49164.0,1,1,MATCHED,0,0.0
T100447,BANKNIFTY-55500-PE,Option,NSE,SELL,SELL,30,30,388.93,388.93,5.83,5.83,11667.9,11667.9,1,1,MATCHED,0,0.0
T100448,NIFTY-25000-PE,Option,NSE,BUY,BUY,50,50,145.56,145.56,3.64,3.64,7278.0,7278.0,1,1,MATCHED,0,0.0
T100449,BANKNIFTY-55500-PE,Option,NSE,BUY,BUY,75,75,387.37,387.37,14.53,14.53,29052.75,29052.75,1,1,MATCHED,0,0.0
T100450,NIFTY-25000-PE,Option,NSE,BUY,BUY,200,200,146.18,146.18,14.62,14.62,29236.0,29236.0,1,1,MATCHED,0,0.0
T100451,BANKNIFTY-55500-PE,Option,NSE,SELL,SELL,75,75,387.11,387.11,14.52,14.52,29033.25,29033.25,1,1,MATCHED,0,0.0
T100452,NIFTY-24800-CE,Option,BSE,BUY,BUY,50,50,182.2,182.2,4.55,4.55,9110.0,9110.0,1,1,MATCHED,0,0.0
T100453,NIFTY-24800-CE,Option,NSE,SELL,SELL,50,50,181.69,181.69,4.54,4.54,9084.5,9084.5,1,1,MATCHED,0,0.0
T100454,BANKNIFTY-55500-PE,Option,NSE,SELL,SELL,30,30,388.67,388.67,5.83,5.83,11660.1,11660.1,1,1,MATCHED,0,0.0
T100455,NIFTY-24800-CE,Option,BSE,SELL,SELL,125,125,181.37,181.37,11.34,11.34,22671.25,22671.25,1,1,MATCHED,0,0.0
T100456,NIFTY-25000-PE,Option,BSE,SELL,SELL,200,200,145.68,145.68,14.57,14.57,29136.0,29136.0,1,1,MATCHED,0,0.0
T100457,BANKNIFTY-55000-CE,Option,BSE,SELL,SELL,60,60,410.38,410.38,12.31,12.31,24622.8,24622.8,1,1,MATCHED,0,0.0
T100458,NIFTY-24800-CE,Option,NSE,BUY,BUY,250,250,182.71,182.71,22.84,22.84,45677.5,45677.5,1,1,MATCHED,0,0.0
T100459,BANKNIFTY-55500-PE,Option,NSE,BUY,BUY,60,60,389.39,389.39,11.68,11.68,23363.4,23363.4,1,1,MATCHED,0,0.0
T100460,NIFTY-24800-CE,Option,NSE,BUY,BUY,75,75,182.42,182.42,6.84,6.84,13681.5,13681.5,1,1,MATCHED,0,0.0
T100461,TATAMOTORS,Equity,NSE,,BUY,,300,,982.24,,103.14,,294672.0,0,1,MISSING IN INTERNAL,1,294672.0
T100462,BAJFINANCE,Equity,BSE,,BUY,,200,,7165.41,,501.58,,1433082.0,0,1,MISSING IN INTERNAL,1,1433082.0
