Fund,SecurityID,SecurityName,AssetClass,Key,IntQty,IntPrice,IntMV,CustQty,CustPrice,CustMV,QtyDiff,MVDiff,PriceDiffBps,InInternal,InCustodian,BreakType,FirstIdentified,DaysOpen,AgeBucket,Status,AbsMVDiff,IsBreak
BALM,BD0052,US Treasury 3.0% 2033,Bond,BALM|BD0052,22000.0,99.949,2198878.0,22000.0,99.949,2198878.0,0.0,0.0,0.0,1,1,MATCHED,,,,,0.0,0
BALM,BD0055,Apple 3.35% 2029,Bond,BALM|BD0055,33000.0,101.549,3351117.0,33000.0,101.549,3351117.0,0.0,0.0,0.0,1,1,MATCHED,,,,,0.0,0
BALM,BD0058,JPM 4.0% 2031,Bond,BALM|BD0058,10000.0,103.92,1039200.0,10000.0,104.284,1042840.0,0.0,-3640.0,-34.9,1,1,PRICE BREAK,2026-06-15,15,11-30 days,Investigating,3640.0,1
BALM,BD0059,Toyota 2.1% 2027,Bond,BALM|BD0059,25000.0,97.146,2428650.0,25000.0,97.146,2428650.0,0.0,0.0,0.0,1,1,MATCHED,,,,,0.0,0
BALM,BD0061,Corporate Note Series 01,Bond,BALM|BD0061,38000.0,95.187,3617106.0,38000.0,95.187,3617106.0,0.0,0.0,0.0,1,1,MATCHED,,,,,0.0,0
BALM,BD0064,Corporate Note Series 04,Bond,BALM|BD0064,5000.0,102.401,512005.0,5000.0,102.401,512005.0,0.0,0.0,0.0,1,1,MATCHED,,,,,0.0,0
BALM,BD0066,Corporate Note Series 06,Bond,BALM|BD0066,23000.0,98.263,2260049.0,23000.0,98.263,2260049.0,0.0,0.0,0.0,1,1,MATCHED,,,,,0.0,0
BALM,BD0070,Corporate Note Series 10,Bond,BALM|BD0070,24000.0,98.381,2361144.0,24000.0,98.381,2361144.0,0.0,0.0,0.0,1,1,MATCHED,,,,,0.0,0
BALM,BD0074,Corporate Note Series 14,Bond,BALM|BD0074,31000.0,95.894,2972714.0,31000.0,95.894,2972714.0,0.0,0.0,0.0,1,1,MATCHED,,,,,0.0,0
BALM,BD0075,Corporate Note Series 15,Bond,BALM|BD0075,8000.0,104.112,832896.0,8000.0,104.112,832896.0,0.0,0.0,0.0,1,1,MATCHED,,,,,0.0,0
BALM,BD0076,Corporate Note Series 16,Bond,BALM|BD0076,3000.0,103.796,311388.0,3000.0,103.796,311388.0,0.0,0.0,0.0,1,1,MATCHED,,,,,0.0,0
BALM,BD0080,Corporate Note Series 20,Bond,BALM|BD0080,2000.0,106.99,213980.0,2000.0,106.99,213980.0,0.0,0.0,0.0,1,1,MATCHED,,,,,0.0,0
BALM,CASH_USD_BALM,USD Cash,Cash,BALM|CASH_USD_BALM,4790216.04,1.0,4790216.04,4790216.04,1.0,4790216.04,0.0,0.0,0.0,1,1,MATCHED,,,,,0.0,0
BALM,EQ0001,Apple Inc,Equity,BALM|EQ0001,22567.0,189.47,4275769.49,22567.0,189.47,4275769.49,0.0,0.0,0.0,1,1,MATCHED,,,,,0.0,0
BALM,EQ0002,Microsoft Corp,Equity,BALM|EQ0002,53774.0,51.05,2745162.7,53774.0,51.05,2745162.7,0.0,0.0,0.0,1,1,MATCHED,,,,,0.0,0
BALM,EQ0003,Nestle SA,Equity,BALM|EQ0003,32573.0,430.74,14030494.02,32573.0,430.74,14030494.02,0.0,0.0,0.0,1,1,MATCHED,,,,,0.0,0
BALM,EQ0004,Toyota Motor,Equity,BALM|EQ0004,53394.0,318.01,16979825.94,53394.0,318.01,16979825.94,0.0,0.0,0.0,1,1,MATCHED,,,,,0.0,0
BALM,EQ0005,HSBC Holdings,Equity,BALM|EQ0005,0,0,0,35135.0,462.68,16256261.8,-35135.0,-16256261.8,-10000.0,0,1,MISSING IN INTERNAL,2026-06-27,3,3-5 days,Open,16256261.8,1
BALM,EQ0010,LVMH,Equity,BALM|EQ0010,3638.0,46.39,168766.82,3638.0,46.39,168766.82,0.0,0.0,0.0,1,1,MATCHED,,,,,0.0,0
BALM,EQ0011,SAP SE,Equity,BALM|EQ0011,17717.0,258.53,4580376.01,17717.0,258.53,4580376.01,0.0,0.0,0.0,1,1,MATCHED,,,,,0.0,0
BALM,EQ0012,Unilever PLC,Equity,BALM|EQ0012,50890.0,216.67,11026336.3,50890.0,216.67,11026336.3,0.0,0.0,0.0,1,1,MATCHED,,,,,0.0,0
BALM,EQ0014,Siemens AG,Equity,BALM|EQ0014,49475.0,302.27,14954808.25,49475.0,302.27,14954808.25,0.0,0.0,0.0,1,1,MATCHED,,,,,0.0,0
BALM,EQ0015,Sony Group,Equity,BALM|EQ0015,55891.0,187.99,10506949.09,55891.0,187.99,10506949.09,0.0,0.0,0.0,1,1,MATCHED,,,,,0.0,0
BALM,EQ0016,TSMC ADR,Equity,BALM|EQ0016,52653.0,173.92,9157409.76,52653.0,173.92,9157409.76,0.0,0.0,0.0,1,1,MATCHED,,,,,0.0,0
BALM,EQ0018,Amazon.com,Equity,BALM|EQ0018,24613.0,97.82,2407643.66,24613.0,97.82,2407643.66,0.0,0.0,0.0,1,1,MATCHED,,,,,0.0,0
BALM,EQ0020,Nvidia Corp,Equity,BALM|EQ0020,3629.0,358.34,1300415.86,3629.0,358.34,1300415.86,0.0,0.0,0.0,1,1,MATCHED,,,,,0.0,0
BALM,EQ0024,Global Equity Holding 04,Equity,BALM|EQ0024,6008.0,73.26,440146.08,6008.0,73.26,440146.08,0.0,0.0,0.0,1,1,MATCHED,,,,,0.0,0
BALM,EQ0026,Global Equity Holding 06,Equity,BALM|EQ0026,18974.0,368.09,6984139.66,18974.0,368.09,6984139.66,0.0,0.0,0.0,1,1,MATCHED,,,,,0.0,0
BALM,EQ0028,Global Equity Holding 08,Equity,BALM|EQ0028,56319.0,238.72,13444471.68,56319.0,238.72,13444471.68,0.0,0.0,0.0,1,1,MATCHED,,,,,0.0,0
BALM,EQ0029,Global Equity Holding 09,Equity,BALM|EQ0029,53594.0,405.14,21713073.16,53594.0,405.14,21713073.16,0.0,0.0,0.0,1,1,MATCHED,,,,,0.0,0
BALM,EQ0031,Global Equity Holding 11,Equity,BALM|EQ0031,37916.0,142.66,5409096.56,37916.0,142.66,5409096.56,0.0,0.0,0.0,1,1,MATCHED,,,,,0.0,0
BALM,EQ0036,Global Equity Holding 16,Equity,BALM|EQ0036,15084.0,465.63,7023562.92,15084.0,465.63,7023562.92,0.0,0.0,0.0,1,1,MATCHED,,,,,0.0,0
BALM,EQ0037,Global Equity Holding 17,Equity,BALM|EQ0037,59120.0,77.65,4590668.0,59120.0,77.65,4590668.0,0.0,0.0,0.0,1,1,MATCHED,,,,,0.0,0
BALM,EQ0038,Global Equity Holding 18,Equity,BALM|EQ0038,9378.0,98.35,922326.3,9378.0,98.35,922326.3,0.0,0.0,0.0,1,1,MATCHED,,,,,0.0,0
BALM,EQ0041,Global Equity Holding 21,Equity,BALM|EQ0041,8524.0,462.43,3941753.32,8524.0,462.43,3941753.32,0.0,0.0,0.0,1,1,MATCHED,,,,,0.0,0
BALM,EQ0042,Global Equity Holding 22,Equity,BALM|EQ0042,33923.0,431.84,14649308.32,33923.0,431.84,14649308.32,0.0,0.0,0.0,1,1,MATCHED,,,,,0.0,0
BALM,EQ0046,Global Equity Holding 26,Equity,BALM|EQ0046,20078.0,52.09,1045863.02,20078.0,52.09,1045863.02,0.0,0.0,0.0,1,1,MATCHED,,,,,0.0,0
BALM,EQ0047,Global Equity Holding 27,Equity,BALM|EQ0047,32047.0,44.64,1430578.08,27239.0,44.64,1215948.96,4808.0,214629.12,0.0,1,1,QUANTITY BREAK,2026-06-21,9,6-10 days,Investigating,214629.12,1
BALM,ET0081,iShares Core MSCI World,ETF,BALM|ET0081,44019.0,76.18,3353367.42,44019.0,76.18,3353367.42,0.0,0.0,0.0,1,1,MATCHED,,,,,0.0,0
BALM,ET0083,SPDR Gold Shares,ETF,BALM|ET0083,3342.0,63.83,213319.86,3342.0,63.83,213319.86,0.0,0.0,0.0,1,1,MATCHED,,,,,0.0,0
BALM,ET0084,iShares EUR Corp Bond,ETF,BALM|ET0084,30746.0,38.91,1196326.86,30746.0,38.91,1196326.86,0.0,0.0,0.0,1,1,MATCHED,,,,,0.0,0
BALM,ET0085,iShares US Treasury,ETF,BALM|ET0085,18231.0,110.76,2019265.56,18231.0,110.76,2019265.56,0.0,0.0,0.0,1,1,MATCHED,,,,,0.0,0
EQGL,CASH_USD_EQGL,USD Cash,Cash,EQGL|CASH_USD_EQGL,5311390.66,1.0,5311390.66,5311390.66,1.0,5311390.66,0.0,0.0,0.0,1,1,MATCHED,,,,,0.0,0
EQGL,EQ0001,Apple Inc,Equity,EQGL|EQ0001,0,0,0,56458.0,69.42,3919314.36,-56458.0,-3919314.36,-10000.0,0,1,MISSING IN INTERNAL,2026-06-18,12,11-30 days,Open,3919314.36,1
EQGL,EQ0002,Microsoft Corp,Equity,EQGL|EQ0002,37583.0,323.92,12173885.36,37583.0,323.92,12173885.36,0.0,0.0,0.0,1,1,MATCHED,,,,,0.0,0
EQGL,EQ0003,Nestle SA,Equity,EQGL|EQ0003,30364.0,205.72,6246482.08,30364.0,205.72,6246482.08,0.0,0.0,0.0,1,1,MATCHED,,,,,0.0,0
EQGL,EQ0006,Samsung Electronics,Equity,EQGL|EQ0006,14597.0,194.53,2839554.41,14597.0,194.53,2839554.41,0.0,0.0,0.0,1,1,MATCHED,,,,,0.0,0
EQGL,EQ0007,ASML Holding,Equity,EQGL|EQ0007,38626.0,250.69,9683151.94,38626.0,250.69,9683151.94,0.0,0.0,0.0,1,1,MATCHED,,,,,0.0,0
EQGL,EQ0010,LVMH,Equity,EQGL|EQ0010,24442.0,335.52,8200779.84,24442.0,335.52,8200779.84,0.0,0.0,0.0,1,1,MATCHED,,,,,0.0,0
EQGL,EQ0011,SAP SE,Equity,EQGL|EQ0011,18370.0,254.3,4671491.0,18370.0,254.3,4671491.0,0.0,0.0,0.0,1,1,MATCHED,,,,,0.0,0
EQGL,EQ0013,Shell PLC,Equity,EQGL|EQ0013,23461.0,131.06,3074798.66,23461.0,131.06,3074798.66,0.0,0.0,0.0,1,1,MATCHED,,,,,0.0,0
EQGL,EQ0014,Siemens AG,Equity,EQGL|EQ0014,40202.0,224.97,9044243.94,40202.0,224.97,9044243.94,0.0,0.0,0.0,1,1,MATCHED,,,,,0.0,0
EQGL,EQ0016,TSMC ADR,Equity,EQGL|EQ0016,5468.0,273.99,1498177.32,5468.0,273.99,1498177.32,0.0,0.0,0.0,1,1,MATCHED,,,,,0.0,0
EQGL,EQ0017,Alphabet Inc,Equity,EQGL|EQ0017,15848.0,261.55,4145044.4,15848.0,261.55,4145044.4,0.0,0.0,0.0,1,1,MATCHED,,,,,0.0,0
EQGL,EQ0018,Amazon.com,Equity,EQGL|EQ0018,44332.0,247.69,10980593.08,44332.0,247.69,10980593.08,0.0,0.0,0.0,1,1,MATCHED,,,,,0.0,0
EQGL,EQ0019,JPMorgan Chase,Equity,EQGL|EQ0019,18957.0,153.64,2912553.48,18957.0,153.64,2912553.48,0.0,0.0,0.0,1,1,MATCHED,,,,,0.0,0
EQGL,EQ0021,Global Equity Holding 01,Equity,EQGL|EQ0021,27150.0,324.95,8822392.5,27150.0,324.95,8822392.5,0.0,0.0,0.0,1,1,MATCHED,,,,,0.0,0
EQGL,EQ0022,Global Equity Holding 02,Equity,EQGL|EQ0022,52152.0,234.01,12204089.52,52152.0,234.01,12204089.52,0.0,0.0,0.0,1,1,MATCHED,,,,,0.0,0
EQGL,EQ0023,Global Equity Holding 03,Equity,EQGL|EQ0023,21251.0,150.81,3204863.31,21251.0,150.81,3204863.31,0.0,0.0,0.0,1,1,MATCHED,,,,,0.0,0
EQGL,EQ0025,Global Equity Holding 05,Equity,EQGL|EQ0025,52626.0,147.02,7737074.52,52626.0,147.02,7737074.52,0.0,0.0,0.0,1,1,MATCHED,,,,,0.0,0
EQGL,EQ0028,Global Equity Holding 08,Equity,EQGL|EQ0028,27067.0,460.85,12473826.95,27067.0,460.85,12473826.95,0.0,0.0,0.0,1,1,MATCHED,,,,,0.0,0
EQGL,EQ0030,Global Equity Holding 10,Equity,EQGL|EQ0030,55299.0,222.17,12285778.83,55299.0,222.17,12285778.83,0.0,0.0,0.0,1,1,MATCHED,,,,,0.0,0
EQGL,EQ0031,Global Equity Holding 11,Equity,EQGL|EQ0031,47717.0,181.2,8646320.4,47717.0,181.2,8646320.4,0.0,0.0,0.0,1,1,MATCHED,,,,,0.0,0
EQGL,EQ0032,Global Equity Holding 12,Equity,EQGL|EQ0032,30126.0,114.71,3455753.46,30126.0,114.71,3455753.46,0.0,0.0,0.0,1,1,MATCHED,,,,,0.0,0
EQGL,EQ0033,Global Equity Holding 13,Equity,EQGL|EQ0033,25416.0,473.73,12040321.68,25416.0,473.73,12040321.68,0.0,0.0,0.0,1,1,MATCHED,,,,,0.0,0
EQGL,EQ0034,Global Equity Holding 14,Equity,EQGL|EQ0034,32187.0,43.04,1385328.48,0,0,0,32187.0,1385328.48,0,1,0,MISSING IN CUSTODIAN,2026-06-28,2,0-2 days,Open,1385328.48,1
EQGL,EQ0035,Global Equity Holding 15,Equity,EQGL|EQ0035,11184.0,89.94,1005888.96,11184.0,89.94,1005888.96,0.0,0.0,0.0,1,1,MATCHED,,,,,0.0,0
EQGL,EQ0036,Global Equity Holding 16,Equity,EQGL|EQ0036,47256.0,457.86,21636632.16,47256.0,457.86,21636632.16,0.0,0.0,0.0,1,1,MATCHED,,,,,0.0,0
EQGL,EQ0037,Global Equity Holding 17,Equity,EQGL|EQ0037,39122.0,278.62,10900171.64,39122.0,278.62,10900171.64,0.0,0.0,0.0,1,1,MATCHED,,,,,0.0,0
EQGL,EQ0038,Global Equity Holding 18,Equity,EQGL|EQ0038,39871.0,406.55,16209555.05,39871.0,406.55,16209555.05,0.0,0.0,0.0,1,1,MATCHED,,,,,0.0,0
EQGL,EQ0041,Global Equity Holding 21,Equity,EQGL|EQ0041,47013.0,336.51,15820344.63,47013.0,336.51,15820344.63,0.0,0.0,0.0,1,1,MATCHED,,,,,0.0,0
EQGL,EQ0042,Global Equity Holding 22,Equity,EQGL|EQ0042,15918.0,209.37,3332751.66,15918.0,209.37,3332751.66,0.0,0.0,0.0,1,1,MATCHED,,,,,0.0,0
EQGL,EQ0044,Global Equity Holding 24,Equity,EQGL|EQ0044,52177.0,90.35,4714191.95,52177.0,90.35,4714191.95,0.0,0.0,0.0,1,1,MATCHED,,,,,0.0,0
EQGL,EQ0046,Global Equity Holding 26,Equity,EQGL|EQ0046,7045.0,388.55,2737334.75,7045.0,388.55,2737334.75,0.0,0.0,0.0,1,1,MATCHED,,,,,0.0,0
EQGL,EQ0047,Global Equity Holding 27,Equity,EQGL|EQ0047,6188.0,388.5,2404038.0,6188.0,388.5,2404038.0,0.0,0.0,0.0,1,1,MATCHED,,,,,0.0,0
EQGL,ET0081,iShares Core MSCI World,ETF,EQGL|ET0081,50576.0,100.38,5076818.88,42989.0,100.38,4315235.82,7587.0,761583.06,0.0,1,1,QUANTITY BREAK,2026-06-26,4,3-5 days,Open,761583.06,1
EQGL,ET0082,Vanguard S&P 500,ETF,EQGL|ET0082,57262.0,42.14,2413020.68,57262.0,42.14,2413020.68,0.0,0.0,0.0,1,1,MATCHED,,,,,0.0,0
EQGL,ET0085,iShares US Treasury,ETF,EQGL|ET0085,10958.0,64.66,708544.28,10958.0,64.66,708544.28,0.0,0.0,0.0,1,1,MATCHED,,,,,0.0,0
FIIG,BD0051,US Treasury 2.5% 2030,Bond,FIIG|BD0051,26000.0,105.218,2735668.0,26000.0,105.218,2735668.0,0.0,0.0,0.0,1,1,MATCHED,,,,,0.0,0
FIIG,BD0052,US Treasury 3.0% 2033,Bond,FIIG|BD0052,36000.0,106.513,3834468.0,36000.0,106.513,3834468.0,0.0,0.0,0.0,1,1,MATCHED,,,,,0.0,0
FIIG,BD0053,Bund 1.5% 2031,Bond,FIIG|BD0053,21000.0,98.259,2063439.0,21000.0,98.603,2070663.0,0.0,-7224.0,-34.89,1,1,PRICE BREAK,2026-06-24,6,6-10 days,Open,7224.0,1
FIIG,BD0054,UK Gilt 4.25% 2032,Bond,FIIG|BD0054,19000.0,99.028,1881532.0,19000.0,99.028,1881532.0,0.0,0.0,0.0,1,1,MATCHED,,,,,0.0,0
FIIG,BD0055,Apple 3.35% 2029,Bond,FIIG|BD0055,31000.0,98.558,3055298.0,31000.0,98.558,3055298.0,0.0,0.0,0.0,1,1,MATCHED,,,,,0.0,0
FIIG,BD0056,Microsoft 2.9% 2030,Bond,FIIG|BD0056,22000.0,104.682,2303004.0,22000.0,104.682,2303004.0,0.0,0.0,0.0,1,1,MATCHED,,,,,0.0,0
FIIG,BD0057,Shell 2.5% 2028,Bond,FIIG|BD0057,39000.0,101.169,3945591.0,39000.0,101.169,3945591.0,0.0,0.0,0.0,1,1,MATCHED,,,,,0.0,0
FIIG,BD0058,JPM 4.0% 2031,Bond,FIIG|BD0058,11000.0,95.396,1049356.0,11000.0,95.396,1049356.0,0.0,0.0,0.0,1,1,MATCHED,,,,,0.0,0
FIIG,BD0059,Toyota 2.1% 2027,Bond,FIIG|BD0059,25000.0,102.184,2554600.0,25000.0,102.184,2554600.0,0.0,0.0,0.0,1,1,MATCHED,,,,,0.0,0
FIIG,BD0060,France OAT 2.0% 2032,Bond,FIIG|BD0060,4000.0,98.421,393684.0,4000.0,98.421,393684.0,0.0,0.0,0.0,1,1,MATCHED,,,,,0.0,0
FIIG,BD0061,Corporate Note Series 01,Bond,FIIG|BD0061,2000.0,102.889,205778.0,2000.0,102.889,205778.0,0.0,0.0,0.0,1,1,MATCHED,,,,,0.0,0
FIIG,BD0065,Corporate Note Series 05,Bond,FIIG|BD0065,22000.0,100.794,2217468.0,22000.0,100.794,2217468.0,0.0,0.0,0.0,1,1,MATCHED,,,,,0.0,0
FIIG,BD0066,Corporate Note Series 06,Bond,FIIG|BD0066,13000.0,94.507,1228591.0,13000.0,94.507,1228591.0,0.0,0.0,0.0,1,1,MATCHED,,,,,0.0,0
FIIG,BD0067,Corporate Note Series 07,Bond,FIIG|BD0067,5000.0,101.368,506840.0,5000.0,101.368,506840.0,0.0,0.0,0.0,1,1,MATCHED,,,,,0.0,0
FIIG,BD0068,Corporate Note Series 08,Bond,FIIG|BD0068,16000.0,106.279,1700464.0,16000.0,106.279,1700464.0,0.0,0.0,0.0,1,1,MATCHED,,,,,0.0,0
FIIG,BD0069,Corporate Note Series 09,Bond,FIIG|BD0069,20000.0,96.868,1937360.0,20000.0,96.868,1937360.0,0.0,0.0,0.0,1,1,MATCHED,,,,,0.0,0
FIIG,BD0071,Corporate Note Series 11,Bond,FIIG|BD0071,24000.0,96.144,2307456.0,24000.0,96.144,2307456.0,0.0,0.0,0.0,1,1,MATCHED,,,,,0.0,0
FIIG,BD0073,Corporate Note Series 13,Bond,FIIG|BD0073,15000.0,103.166,1547490.0,15000.0,103.166,1547490.0,0.0,0.0,0.0,1,1,MATCHED,,,,,0.0,0
FIIG,BD0077,Corporate Note Series 17,Bond,FIIG|BD0077,26000.0,106.991,2781766.0,26000.0,106.991,2781766.0,0.0,0.0,0.0,1,1,MATCHED,,,,,0.0,0
FIIG,CASH_USD_FIIG,USD Cash,Cash,FIIG|CASH_USD_FIIG,3313499.16,1.0,3313499.16,2863499.16,1.0,2863499.16,450000.0,450000.0,0.0,1,1,CASH BREAK,2026-06-25,5,3-5 days,Open,450000.0,1
FIIG,ET0082,Vanguard S&P 500,ETF,FIIG|ET0082,13304.0,29.08,386880.32,13304.0,29.08,386880.32,0.0,0.0,0.0,1,1,MATCHED,,,,,0.0,0
FIIG,ET0083,SPDR Gold Shares,ETF,FIIG|ET0083,31873.0,118.57,3779181.61,31873.0,118.57,3779181.61,0.0,0.0,0.0,1,1,MATCHED,,,,,0.0,0
FIIG,ET0084,iShares EUR Corp Bond,ETF,FIIG|ET0084,29509.0,52.2,1540369.8,29509.0,52.2,1540369.8,0.0,0.0,0.0,1,1,MATCHED,,,,,0.0,0
MMUS,BD0051,US Treasury 2.5% 2030,Bond,MMUS|BD0051,18000.0,94.798,1706364.0,18000.0,94.798,1706364.0,0.0,0.0,0.0,1,1,MATCHED,,,,,0.0,0
MMUS,BD0052,US Treasury 3.0% 2033,Bond,MMUS|BD0052,23000.0,94.535,2174305.0,23000.0,94.535,2174305.0,0.0,0.0,0.0,1,1,MATCHED,,,,,0.0,0
MMUS,BD0054,UK Gilt 4.25% 2032,Bond,MMUS|BD0054,38000.0,99.488,3780544.0,38000.0,99.488,3780544.0,0.0,0.0,0.0,1,1,MATCHED,,,,,0.0,0
MMUS,BD0056,Microsoft 2.9% 2030,Bond,MMUS|BD0056,32000.0,94.034,3009088.0,32000.0,94.034,3009088.0,0.0,0.0,0.0,1,1,MATCHED,,,,,0.0,0
MMUS,BD0057,Shell 2.5% 2028,Bond,MMUS|BD0057,4000.0,96.738,386952.0,4000.0,96.738,386952.0,0.0,0.0,0.0,1,1,MATCHED,,,,,0.0,0
MMUS,BD0058,JPM 4.0% 2031,Bond,MMUS|BD0058,12000.0,106.985,1283820.0,12000.0,106.985,1283820.0,0.0,0.0,0.0,1,1,MATCHED,,,,,0.0,0
MMUS,BD0059,Toyota 2.1% 2027,Bond,MMUS|BD0059,26000.0,106.949,2780674.0,26000.0,106.949,2780674.0,0.0,0.0,0.0,1,1,MATCHED,,,,,0.0,0
MMUS,BD0060,France OAT 2.0% 2032,Bond,MMUS|BD0060,2000.0,100.206,200412.0,2000.0,100.206,200412.0,0.0,0.0,0.0,1,1,MATCHED,,,,,0.0,0
MMUS,BD0061,Corporate Note Series 01,Bond,MMUS|BD0061,5000.0,99.179,495895.0,5000.0,99.179,495895.0,0.0,0.0,0.0,1,1,MATCHED,,,,,0.0,0
MMUS,BD0063,Corporate Note Series 03,Bond,MMUS|BD0063,19000.0,105.687,2008053.0,19000.0,105.687,2008053.0,0.0,0.0,0.0,1,1,MATCHED,,,,,0.0,0
MMUS,BD0064,Corporate Note Series 04,Bond,MMUS|BD0064,20000.0,99.834,1996680.0,20000.0,99.834,1996680.0,0.0,0.0,0.0,1,1,MATCHED,,,,,0.0,0
MMUS,BD0065,Corporate Note Series 05,Bond,MMUS|BD0065,26000.0,104.082,2706132.0,26000.0,104.082,2706132.0,0.0,0.0,0.0,1,1,MATCHED,,,,,0.0,0
MMUS,BD0066,Corporate Note Series 06,Bond,MMUS|BD0066,11000.0,105.826,1164086.0,11000.0,105.826,1164086.0,0.0,0.0,0.0,1,1,MATCHED,,,,,0.0,0
MMUS,BD0067,Corporate Note Series 07,Bond,MMUS|BD0067,38000.0,99.108,3766104.0,38000.0,99.108,3766104.0,0.0,0.0,0.0,1,1,MATCHED,,,,,0.0,0
MMUS,BD0068,Corporate Note Series 08,Bond,MMUS|BD0068,34000.0,103.425,3516450.0,0,0,0,34000.0,3516450.0,0,1,0,MISSING IN CUSTODIAN,2026-05-28,33,30+ days,Investigating,3516450.0,1
MMUS,BD0069,Corporate Note Series 09,Bond,MMUS|BD0069,13000.0,101.938,1325194.0,13000.0,101.938,1325194.0,0.0,0.0,0.0,1,1,MATCHED,,,,,0.0,0
MMUS,BD0071,Corporate Note Series 11,Bond,MMUS|BD0071,34000.0,99.82,3393880.0,34000.0,99.82,3393880.0,0.0,0.0,0.0,1,1,MATCHED,,,,,0.0,0
MMUS,BD0076,Corporate Note Series 16,Bond,MMUS|BD0076,23000.0,98.366,2262418.0,23000.0,98.366,2262418.0,0.0,0.0,0.0,1,1,MATCHED,,,,,0.0,0
MMUS,BD0077,Corporate Note Series 17,Bond,MMUS|BD0077,35000.0,100.637,3522295.0,35000.0,100.637,3522295.0,0.0,0.0,0.0,1,1,MATCHED,,,,,0.0,0
MMUS,BD0078,Corporate Note Series 18,Bond,MMUS|BD0078,30000.0,104.954,3148620.0,30000.0,104.954,3148620.0,0.0,0.0,0.0,1,1,MATCHED,,,,,0.0,0
MMUS,BD0080,Corporate Note Series 20,Bond,MMUS|BD0080,30000.0,102.711,3081330.0,30000.0,102.711,3081330.0,0.0,0.0,0.0,1,1,MATCHED,,,,,0.0,0
MMUS,CASH_USD_MMUS,USD Cash,Cash,MMUS|CASH_USD_MMUS,2444128.88,1.0,2444128.88,2444128.88,1.0,2444128.88,0.0,0.0,0.0,1,1,MATCHED,,,,,0.0,0
MMUS,ET0082,Vanguard S&P 500,ETF,MMUS|ET0082,29852.0,53.82,1606634.64,29852.0,53.82,1606634.64,0.0,0.0,0.0,1,1,MATCHED,,,,,0.0,0
MMUS,ET0083,SPDR Gold Shares,ETF,MMUS|ET0083,25407.0,79.64,2023413.48,25407.0,79.64,2023413.48,0.0,0.0,0.0,1,1,MATCHED,,,,,0.0,0
MMUS,ET0084,iShares EUR Corp Bond,ETF,MMUS|ET0084,52720.0,66.29,3494808.8,52720.0,66.29,3494808.8,0.0,0.0,0.0,1,1,MATCHED,,,,,0.0,0
