Date,FundCode,FundName,Strategy,InvestmentsMV,Cash,Receivables,Payables,AccruedMgmtFee,SharesOutstanding,TotalAssets,TotalLiabilities,NetAssets,NAVPerShare,PriorNAV,NAVChangePct,ToleranceBps,NetFlow,BreachFlag,StalePriceFlag,NegCashFlag,LargeFlowFlag,FlagCount,PrimaryException
2026-04-01,BALM,Balanced Multi-Asset,Balanced,428217675.85,12506588.01,2738059.63,2244869.55,10195.66,23369565.2174,443462323.49,2255065.21,441207258.28,18.879566,,,300,-1377487.72,,,,,0,
2026-04-02,BALM,Balanced Multi-Asset,Balanced,431162102.86,12508550.39,2498250.78,2497369.51,20461.42,23369565.2174,446168904.03,2517830.93,443651073.1,18.984139,18.879566,0.005539,300,0.0,,,,,0,
2026-04-03,BALM,Balanced Multi-Asset,Balanced,434246411.88,13233702.28,2660389.69,2574004.51,30800.62,23369565.2174,450140503.85,2604805.13,447535698.72,19.150365,18.984139,0.008756,300,-53772.32,,,,,0,
2026-04-06,BALM,Balanced Multi-Asset,Balanced,436574282.88,13378300.94,2685569.24,2581244.64,41195.25,23369565.2174,452638153.06,2622439.89,450015713.17,19.256486,19.150365,0.005541,300,-211240.69,,,,,0,
2026-04-07,BALM,Balanced Multi-Asset,Balanced,431635708.17,13201496.04,2552779.1,2437721.68,51472.29,23369565.2174,447389983.31,2489193.97,444900789.34,19.037615,19.256486,-0.011366,300,-522591.7,,,,,0,
2026-04-08,BALM,Balanced Multi-Asset,Balanced,434417407.33,12877222.1,2466051.82,2551516.67,61815.56,23369565.2174,449760681.25,2613332.23,447147349.02,19.133747,19.037615,0.00505,300,-237748.52,,,,,0,
2026-04-09,BALM,Balanced Multi-Asset,Balanced,436129165.82,12674568.97,2486798.7,2421936.77,72199.59,23369565.2174,451290533.49,2494136.36,448796397.13,19.204311,19.133747,0.003688,300,-418562.55,,,,,0,
2026-04-10,BALM,Balanced Multi-Asset,Balanced,431492084.66,12653845.24,2458324.51,2453400.68,82473.21,23369565.2174,446604254.41,2535873.89,444068380.52,19.001996,19.204311,-0.010535,300,-486698.73,,,,,0,
2026-04-13,BALM,Balanced Multi-Asset,Balanced,431945810.08,12555863.14,2473587.72,2512302.57,92757.63,23369565.2174,446975260.94,2605060.2,444370200.74,19.014911,19.001996,0.00068,300,49011.93,,,,,0,
2026-04-14,BALM,Balanced Multi-Asset,Balanced,429970287.13,12327421.73,2317535.8,2681356.29,102995.02,23369565.2174,444615244.66,2784351.31,441830893.35,18.906252,19.014911,-0.005714,300,-16255.84,,,,,0,
2026-04-15,BALM,Balanced Multi-Asset,Balanced,427955803.5,12499458.52,2276383.64,2796948.51,113184.45,23369565.2174,442731645.66,2910132.96,439821512.7,18.820269,18.906252,-0.004548,300,-436485.4,,,,,0,
2026-04-16,BALM,Balanced Multi-Asset,Balanced,425610451.65,12978755.72,2142599.21,2813267.33,123318.03,23369565.2174,440731806.58,2936585.36,437795221.22,18.733563,18.820269,-0.004607,300,174301.9,,,,,0,
2026-04-17,BALM,Balanced Multi-Asset,Balanced,425159323.26,12931882.12,2144798.6,2795285.57,133440.87,23369565.2174,440236003.98,2928726.44,437307277.54,18.712684,18.733563,-0.001115,300,-505215.76,,,,,0,
2026-04-20,BALM,Balanced Multi-Asset,Balanced,423632599.88,12537268.54,2128120.95,3047531.61,143527.36,23369565.2174,438297989.37,3191058.97,435106930.4,18.618529,18.712684,-0.005032,300,-1119302.25,,,,,0,
2026-04-21,BALM,Balanced Multi-Asset,Balanced,428550281.96,12540461.5,2211346.04,3250392.43,153730.94,23369565.2174,443302089.5,3404123.37,439897966.13,18.823541,18.618529,0.011011,300,-56336.4,,,,,0,
2026-04-22,BALM,Balanced Multi-Asset,Balanced,426940891.28,12233421.98,2136512.73,3112773.77,163896.2,23369565.2174,441310825.99,3276669.97,438034156.02,18.743787,18.823541,-0.004237,300,-35885388.69,,,,LARGE FLOW,1,LARGE FLOW
2026-04-23,BALM,Balanced Multi-Asset,Balanced,427705006.26,11856038.06,2174301.13,3203905.92,174079.65,23369565.2174,441735345.45,3377985.57,438357359.88,18.757617,18.743787,0.000738,300,-520928.76,,,,,0,
2026-04-24,BALM,Balanced Multi-Asset,Balanced,431361092.45,11644310.0,2366043.22,3274673.03,184350.15,23369565.2174,445371445.67,3459023.18,441912422.49,18.909741,18.757617,0.00811,300,-294407.35,,,,,0,
2026-04-27,BALM,Balanced Multi-Asset,Balanced,433085080.11,11710598.0,2431497.93,3192065.46,194661.7,23369565.2174,447227176.04,3386727.16,443840448.88,18.992242,18.909741,0.004363,300,474390.19,,,,,0,
2026-04-28,BALM,Balanced Multi-Asset,Balanced,432844138.76,11469332.28,2353736.44,3318698.16,204967.51,23369565.2174,446667207.48,3523665.67,443143541.81,18.962421,18.992242,-0.00157,300,317993.69,,,,,0,
2026-04-29,BALM,Balanced Multi-Asset,Balanced,429715659.58,11304855.68,2461833.17,3309327.03,215198.84,23369565.2174,443482348.43,3524525.87,439957822.56,18.826102,18.962421,-0.007189,300,1053734.7,,,,,0,
2026-04-30,BALM,Balanced Multi-Asset,Balanced,430362783.0,11242060.72,2479333.58,3298562.5,225445.57,23369565.2174,444084177.3,3524008.07,440560169.23,18.851877,18.826102,0.001369,300,-44136.12,,,,,0,
2026-05-01,BALM,Balanced Multi-Asset,Balanced,428148683.4,10842243.99,2277897.54,3333791.29,235639.59,23369565.2174,441268824.93,3569430.88,437699394.05,18.729462,18.851877,-0.006493,300,0.0,,,,,0,
2026-05-04,BALM,Balanced Multi-Asset,Balanced,429365625.18,11515306.25,2283746.49,3429671.62,245862.58,23369565.2174,443164677.92,3675534.2,439489143.72,18.806047,18.729462,0.004089,300,131998.76,,,,,0,
2026-05-05,BALM,Balanced Multi-Asset,Balanced,432134913.27,11514314.09,2326207.91,3457079.31,256151.51,23369565.2174,445975435.27,3713230.82,442262204.45,18.924708,18.806047,0.00631,300,-770970.7,,,,,0,
2026-05-06,BALM,Balanced Multi-Asset,Balanced,431707217.96,11307161.69,2379493.25,3360567.72,266430.25,23369565.2174,445393872.9,3626997.97,441766874.93,18.903513,18.924708,-0.00112,300,61854.77,,,,,0,
2026-05-07,BALM,Balanced Multi-Asset,Balanced,434981324.29,11516807.14,2394926.83,3471425.7,276786.95,23369565.2174,448893058.26,3748212.65,445144845.61,19.048059,18.903513,0.007647,300,496502.83,,,,,0,
2026-05-08,BALM,Balanced Multi-Asset,Balanced,435098942.29,11177454.12,2284351.26,3440491.66,287146.45,23369565.2174,448560747.67,3727638.11,444833109.56,19.034719,19.048059,-0.0007,300,-183070.87,,,,,0,
2026-05-11,BALM,Balanced Multi-Asset,Balanced,435353570.67,11322357.57,2278322.05,3482828.57,297512.01,23369565.2174,448954250.29,3780340.58,445173909.71,19.049302,19.034719,0.000766,300,420268.8,,,,,0,
2026-05-12,BALM,Balanced Multi-Asset,Balanced,432659828.87,11214896.16,2138612.26,3461278.63,307813.43,23369565.2174,446013337.29,3769092.06,442244245.23,18.92394,19.049302,-0.006581,300,256393.07,,,,,0,
2026-05-13,BALM,Balanced Multi-Asset,Balanced,432118393.37,11587363.82,2151354.04,3421988.5,318101.97,23369565.2174,445857111.23,3740090.47,442117020.76,18.918496,18.92394,-0.000288,300,-130447.61,,,,,0,
2026-05-14,BALM,Balanced Multi-Asset,Balanced,431064196.32,11603171.46,2162717.84,3413955.33,328365.4,23369565.2174,444830085.62,3742320.73,441087764.89,18.874453,18.918496,-0.002328,300,-294715.59,,,,,0,
2026-05-15,BALM,Balanced Multi-Asset,Balanced,433933776.93,11293804.97,1911139.15,3471470.22,338697.16,23369565.2174,447138721.05,3810167.38,443328553.67,18.970338,18.874453,0.00508,300,-237685.96,,,,,0,
2026-05-18,BALM,Balanced Multi-Asset,Balanced,430567853.05,10740676.63,1952267.63,3444542.82,348948.77,23369565.2174,443260797.31,3793491.59,439467305.72,18.805113,18.970338,-0.00871,300,89520.63,,,,,0,
2026-05-19,BALM,Balanced Multi-Asset,Balanced,429054638.58,10803792.12,1793118.33,3432437.11,359164.36,23369565.2174,441651549.03,3791601.47,437859947.56,18.736333,18.805113,-0.003658,300,-238904.76,,,,,0,
2026-05-20,BALM,Balanced Multi-Asset,Balanced,429489333.79,10563984.31,1918274.55,3419573.85,369390.29,23369565.2174,441971592.65,3788964.14,438182628.51,18.75014,18.736333,0.000737,300,372910.86,,,,,0,
2026-05-21,BALM,Balanced Multi-Asset,Balanced,428280613.66,10306887.57,1895099.25,3426244.91,379587.45,23369565.2174,440482600.48,3805832.36,436676768.12,18.685704,18.75014,-0.003437,300,0.0,,,,,0,
2026-05-22,BALM,Balanced Multi-Asset,Balanced,432650771.15,10357720.19,1844962.8,3461206.17,389888.66,23369565.2174,444853454.14,3851094.83,441002359.31,18.870799,18.685704,0.009906,300,-1133200.21,,,,,0,
2026-05-26,BALM,Balanced Multi-Asset,Balanced,434731776.34,10280273.39,2078920.98,3414656.56,400239.42,23369565.2174,447090970.71,3814895.98,443276074.73,18.968093,18.870799,0.005156,300,284355.82,,,,,0,
2026-05-27,BALM,Balanced Multi-Asset,Balanced,438666899.15,10784318.76,2101108.44,3366245.62,410683.87,23369565.2174,451552326.35,3776929.49,447775396.86,19.160622,18.968093,0.01015,300,600905.0,,,,,0,
2026-05-28,BALM,Balanced Multi-Asset,Balanced,444760435.65,10970559.4,2091299.67,3432719.49,421273.4,23369565.2174,457822294.72,3853992.89,453968301.83,19.42562,19.160622,0.01383,300,0.0,,,,,0,
2026-05-29,BALM,Balanced Multi-Asset,Balanced,448479884.7,10885541.83,1996104.38,3519189.39,431951.49,23369565.2174,461361530.91,3951140.88,457410390.03,19.57291,19.42562,0.007582,300,314758.42,,,,,0,
2026-06-01,BALM,Balanced Multi-Asset,Balanced,451607190.67,10756383.6,1855919.48,3612857.53,442704.05,23369565.2174,464219493.75,4055561.58,460163932.17,19.690736,19.57291,0.00602,300,-4858.78,,,,,0,
2026-06-02,BALM,Balanced Multi-Asset,Balanced,455776301.88,11007793.4,1922920.69,3646210.42,453555.86,23369565.2174,468707015.97,4099766.28,464607249.69,19.880868,19.690736,0.009656,300,-727923.79,,,,,0,
2026-06-03,BALM,Balanced Multi-Asset,Balanced,456044156.71,11087756.52,2091342.56,3648353.25,464414.06,23369565.2174,469223255.79,4112767.31,465110488.48,19.902402,19.880868,0.001083,300,-186535.19,,,,,0,
2026-06-04,BALM,Balanced Multi-Asset,Balanced,455003610.53,10833351.77,1972476.72,3425301.04,475247.48,23369565.2174,467809439.02,3900548.52,463908890.5,19.850985,19.902402,-0.002583,300,1448002.88,,,,,0,
2026-06-05,BALM,Balanced Multi-Asset,Balanced,454410047.11,10743747.35,2003428.86,3509795.66,486066.76,23369565.2174,467157223.32,3995862.42,463161360.9,19.818998,19.850985,-0.001611,300,762799.95,,,,,0,
2026-06-08,BALM,Balanced Multi-Asset,Balanced,453984524.98,10810658.76,1974456.33,3631876.2,496875.92,23369565.2174,466769640.07,4128752.12,462640887.95,19.796726,19.818998,-0.001124,300,-51254.11,,,,,0,
2026-06-09,BALM,Balanced Multi-Asset,Balanced,456121699.18,11182699.07,2003567.55,3507010.43,507735.96,23369565.2174,469307965.8,4014746.39,465293219.41,19.910221,19.796726,0.005733,300,557330.79,,,,,0,
2026-06-10,BALM,Balanced Multi-Asset,Balanced,454573351.45,11304665.63,2131859.97,3497426.23,518559.13,23369565.2174,468009877.05,4015985.36,463993891.69,19.854622,19.910221,-0.002792,300,-602789.84,,,,,0,
2026-06-11,BALM,Balanced Multi-Asset,Balanced,455408457.99,12036330.77,2197585.55,3311403.53,529402.19,23369565.2174,469642374.31,3840805.72,465801568.59,19.931974,19.854622,0.003896,300,251436.36,,,,,0,
2026-06-12,BALM,Balanced Multi-Asset,Balanced,459493617.01,12329894.02,2202029.88,3206094.14,540342.52,23369565.2174,474025540.91,3746436.66,470279104.25,20.123571,19.931974,0.009613,300,279144.0,,,,,0,
2026-06-15,BALM,Balanced Multi-Asset,Balanced,457771637.35,12445347.71,2377242.02,3237439.77,551241.84,23369565.2174,472594227.08,3788681.61,468805545.47,20.060516,20.123571,-0.003133,300,-554297.06,,,,,0,
2026-06-16,BALM,Balanced Multi-Asset,Balanced,461588122.58,12380224.61,2382214.73,3266057.79,562232.03,23369565.2174,476350561.92,3828289.82,472522272.1,20.219558,20.060516,0.007928,300,-650636.65,,,,,0,
2026-06-17,BALM,Balanced Multi-Asset,Balanced,461300808.24,12488636.97,2282475.73,3215592.87,573215.39,23369565.2174,476071920.94,3788808.26,472283112.68,20.209324,20.219558,-0.000506,300,592098.86,,,,,0,
2026-06-18,BALM,Balanced Multi-Asset,Balanced,466810287.18,12525860.61,2334908.58,3358480.15,584329.92,23369565.2174,481671056.37,3942810.07,477728246.3,20.442325,20.209324,0.011529,300,0.0,,,,,0,
2026-06-19,BALM,Balanced Multi-Asset,Balanced,462060743.22,12748451.04,2249954.06,3607999.85,595331.36,23369565.2174,477059148.32,4203331.21,472855817.11,20.23383,20.442325,-0.010199,300,-335444.53,,,,,0,
2026-06-22,BALM,Balanced Multi-Asset,Balanced,466998484.97,13446790.82,2505050.42,3735987.88,606450.38,23369565.2174,482950326.21,4342438.26,478607887.95,20.479965,20.23383,0.012165,300,291151.01,,,,,0,
2026-06-23,BALM,Balanced Multi-Asset,Balanced,469563640.08,13365362.04,2426603.15,3756128.84,617630.46,23369565.2174,485355605.27,4373759.3,480981845.97,20.581549,20.479965,0.00496,300,169561.6,,,,,0,
2026-06-24,BALM,Balanced Multi-Asset,Balanced,471881140.74,13701800.21,2448591.7,3775049.13,628865.73,23369565.2174,488031532.65,4403914.86,483627617.79,20.694763,20.581549,0.005501,300,-252399.08,,,,,0,
2026-06-25,BALM,Balanced Multi-Asset,Balanced,469675383.41,13111752.85,2427826.09,3743679.43,640048.47,23369565.2174,485214962.35,4383727.9,480831234.45,20.575104,20.694763,-0.005782,300,525566.14,,,,,0,
2026-06-26,BALM,Balanced Multi-Asset,Balanced,466498278.18,13542017.38,2548109.56,3731986.23,651155.58,23369565.2174,482588405.12,4383141.81,478205263.31,20.462737,20.575104,-0.005461,300,270134.2,,,,,0,
2026-06-29,BALM,Balanced Multi-Asset,Balanced,465410867.86,13814480.12,2752675.57,3723286.94,662236.79,23369565.2174,481978023.55,4385523.73,477592499.82,20.436516,20.462737,-0.001281,300,134753.7,,,,,0,
2026-06-30,BALM,Balanced Multi-Asset,Balanced,465949825.97,13336075.24,2792002.42,3711092.51,673330.83,23369565.2174,482077903.63,4384423.34,477693480.29,20.440837,20.436516,0.000211,300,146525.17,,,,,0,
2026-04-01,EQEM,Emerging Markets Equity,Equity,306767364.25,9230702.47,1865765.68,1671968.34,10955.98,20394736.8421,317863832.4,1682924.32,316180908.08,15.503064,,,500,581281.82,,,,,0,
2026-04-02,EQEM,Emerging Markets Equity,Equity,302970257.51,9205868.76,1746673.67,1784443.65,21776.34,20394736.8421,313922799.94,1806219.99,312116579.95,15.303781,15.503064,-0.012854,500,629740.62,,,,,0,
2026-04-03,EQEM,Emerging Markets Equity,Equity,295764448.23,9227173.84,1697000.55,1829867.14,32339.36,20394736.8421,306688622.62,1862206.5,304826416.12,14.946328,15.303781,-0.023357,500,-43613.12,,,,,0,
2026-04-06,EQEM,Emerging Markets Equity,Equity,295845313.72,9238036.05,1665508.58,1874591.58,42905.26,20394736.8421,306748858.35,1917496.84,304831361.51,14.94657,14.946328,1.6e-05,500,-199448.6,,,,,0,
2026-04-07,EQEM,Emerging Markets Equity,Equity,296402727.37,9346930.44,1719268.54,1798120.3,53491.08,20394736.8421,307468926.35,1851611.38,305617314.97,14.985107,14.94657,0.002578,500,-683687.8,,,,,0,
2026-04-08,EQEM,Emerging Markets Equity,Equity,297840990.83,9258527.46,1838490.3,1815114.13,64128.25,20394736.8421,308938008.59,1879242.38,307058766.21,15.055785,14.985107,0.004717,500,446674.75,,,,,0,
2026-04-09,EQEM,Emerging Markets Equity,Equity,306493411.88,9850292.29,1873585.9,1939311.27,75074.45,20394736.8421,318217290.07,2014385.72,316202904.35,15.504142,15.055785,0.02978,500,-195623.51,,,,,0,
2026-04-10,EQEM,Emerging Markets Equity,Equity,302414312.99,9843678.52,1925470.33,1785852.8,85874.96,20394736.8421,314183461.84,1871727.76,312311734.08,15.31335,15.504142,-0.012306,500,0.0,,,,,0,
2026-04-13,EQEM,Emerging Markets Equity,Equity,301334181.09,9938251.9,2027243.91,1784832.82,96636.89,20394736.8421,313299676.9,1881469.71,311418207.19,15.269538,15.31335,-0.002861,500,884844.98,,,,,0,
2026-04-14,EQEM,Emerging Markets Equity,Equity,294208424.99,9693432.98,2006423.82,1740317.67,107144.34,20394736.8421,305908281.79,1847462.01,304060819.78,14.908789,15.269538,-0.023625,500,-217610.07,,,,,0,
2026-04-15,EQEM,Emerging Markets Equity,Equity,288894263.84,9634423.37,1995600.6,1643716.85,117461.99,20394736.8421,300524287.81,1761178.84,298763108.97,14.64903,14.908789,-0.017423,500,87841.51,,,,,0,
2026-04-16,EQEM,Emerging Markets Equity,Equity,288698535.85,9793344.89,1925949.92,1677527.41,127772.65,20394736.8421,300417830.66,1805300.06,298612530.6,14.641647,14.64903,-0.000504,500,81744.17,,,,,0,
2026-04-17,EQEM,Emerging Markets Equity,Equity,288323682.44,9601538.04,1885137.97,1592458.89,138069.93,20394736.8421,299810358.45,1730528.82,298079829.63,14.615527,14.641647,-0.001784,500,749852.88,,,,,0,
2026-04-20,EQEM,Emerging Markets Equity,Equity,285556883.08,9546062.24,1859349.64,1562033.56,148268.39,20394736.8421,296962294.96,1710301.95,295251993.01,14.476872,14.615527,-0.009487,500,1159.88,,,,,0,
2026-04-21,EQEM,Emerging Markets Equity,Equity,283493158.9,9379128.37,1827198.02,1394125.78,158393.14,20394736.8421,294699485.29,1552518.92,293146966.37,14.373658,14.476872,-0.00713,500,-714104.13,,,,,0,
2026-04-22,EQEM,Emerging Markets Equity,Equity,290078576.84,9553657.27,1909782.25,1448179.57,168753.09,20394736.8421,301542016.36,1616932.66,299925083.7,14.706004,14.373658,0.023122,500,794568.62,,,,,0,
2026-04-23,EQEM,Emerging Markets Equity,Equity,289617106.42,9372414.36,1795083.03,1460018.11,179096.56,20394736.8421,300784603.81,1639114.67,299145489.14,14.667779,14.706004,-0.002599,500,0.0,,,,,0,
2026-04-24,EQEM,Emerging Markets Equity,Equity,287053409.89,9103172.33,1895424.87,1507832.65,189348.47,20394736.8421,298052007.09,1697181.12,296354825.97,14.530946,14.667779,-0.009329,500,-476626.77,,,,,0,
2026-04-27,EQEM,Emerging Markets Equity,Equity,287421744.28,8966322.04,2002923.95,1546942.1,199613.53,20394736.8421,298390990.27,1746555.63,296644434.64,14.545146,14.530946,0.000977,500,-183094.51,,,,,0,
2026-04-28,EQEM,Emerging Markets Equity,Equity,283955824.47,8622607.83,2041889.82,1658413.66,209754.81,20394736.8421,294620322.12,1868168.47,292752153.65,14.354299,14.545146,-0.013121,500,-439972.51,,,,,0,
2026-04-29,EQEM,Emerging Markets Equity,Equity,281426063.18,8463535.18,1983687.01,1585282.97,219805.74,20394736.8421,291873285.37,1805088.71,290068196.66,14.222699,14.354299,-0.009168,500,297050.05,,,,,0,
2026-04-30,EQEM,Emerging Markets Equity,Equity,282547938.78,8488757.38,1975391.34,1530059.28,229896.74,20394736.8421,293012087.5,1759956.02,291252131.48,14.28075,14.222699,0.004082,500,-441147.34,,,,,0,
2026-05-01,EQEM,Emerging Markets Equity,Equity,284585912.04,8383066.36,1996423.98,1592415.56,240060.52,20394736.8421,294965402.38,1832476.08,293132926.3,14.372969,14.28075,0.006458,500,-433285.83,,,,,0,
2026-05-04,EQEM,Emerging Markets Equity,Equity,282002801.8,8403521.76,1926645.08,1455805.99,250132.05,20394736.8421,292332968.64,1705938.04,290627030.6,14.2501,14.372969,-0.008549,500,-264396.97,,,,,0,
2026-05-05,EQEM,Emerging Markets Equity,Equity,283084596.99,8282159.77,1977422.08,1348506.46,260242.21,20394736.8421,293344178.84,1608748.67,291735430.17,14.304447,14.2501,0.003814,500,254418.31,,,,,0,
2026-05-06,EQEM,Emerging Markets Equity,Equity,280557867.24,8216214.5,1901837.22,1310576.46,270262.14,20394736.8421,290675918.96,1580838.6,289095080.36,14.174985,14.304447,-0.00905,500,602061.06,,,,,0,
2026-05-07,EQEM,Emerging Markets Equity,Equity,283896418.77,8121553.06,1960566.77,1424393.4,280401.29,20394736.8421,293978538.6,1704794.69,292273743.91,14.330842,14.174985,0.010995,500,0.0,,,,,0,
2026-05-08,EQEM,Emerging Markets Equity,Equity,286246800.0,8153918.82,2002295.76,1394692.65,290624.39,20394736.8421,296403014.58,1685317.04,294717697.54,14.450674,14.330842,0.008362,500,116297.34,,,,,0,
2026-05-11,EQEM,Emerging Markets Equity,Equity,290983883.65,8333277.03,2059008.51,1389009.45,301016.68,20394736.8421,301376169.19,1690026.13,299686143.06,14.694288,14.450674,0.016858,500,-2887.18,,,,,0,
2026-05-12,EQEM,Emerging Markets Equity,Equity,292648989.46,8307042.38,2091143.4,1542725.17,311468.42,20394736.8421,303047175.24,1854193.59,301192981.65,14.768172,14.694288,0.005028,500,466232.41,,,,,0,
2026-05-13,EQEM,Emerging Markets Equity,Equity,297628995.82,8375530.24,1981143.18,1496969.14,322098.03,20394736.8421,307985669.24,1819067.17,306166602.07,15.01204,14.768172,0.016513,500,-128133.9,,,,,0,
2026-05-14,EQEM,Emerging Markets Equity,Equity,297628995.82,8678875.92,2005413.69,1481996.81,332732.51,20394736.8421,308313285.43,1814729.32,306498556.11,15.028316,15.01204,0.001084,500,587538.88,,STALE PRICE,,,1,STALE PRICE
2026-05-15,EQEM,Emerging Markets Equity,Equity,298807030.13,8847443.83,1906394.97,1569204.55,343404.19,20394736.8421,309560868.93,1912608.74,307648260.19,15.084689,15.028316,0.003751,500,298533.84,,,,,0,
2026-05-18,EQEM,Emerging Markets Equity,Equity,301513906.92,9338379.63,1936825.35,1601381.96,354172.54,20394736.8421,312789111.9,1955554.5,310833557.4,15.240871,15.084689,0.010354,500,108117.75,,,,,0,
2026-05-19,EQEM,Emerging Markets Equity,Equity,305079218.85,9292099.15,1964967.74,1585344.22,365068.23,20394736.8421,316336285.74,1950412.45,314385873.29,15.415049,15.240871,0.011428,500,95401.72,,,,,0,
2026-05-20,EQEM,Emerging Markets Equity,Equity,309571680.95,9334198.53,1973852.03,1535969.89,376124.36,20394736.8421,320879731.51,1912094.25,318967637.26,15.639704,15.415049,0.014574,500,-262936.56,,,,,0,
2026-05-21,EQEM,Emerging Markets Equity,Equity,312914386.63,9261852.44,2060472.3,1654362.71,387299.87,20394736.8421,324236711.37,2041662.58,322195048.79,15.797951,15.639704,0.010118,500,-455189.59,,,,,0,
2026-05-22,EQEM,Emerging Markets Equity,Equity,309587152.69,8932173.25,1906402.66,1747929.26,398356.55,20394736.8421,320425728.6,2146285.81,318279442.79,15.60596,15.797951,-0.012153,500,293378.39,,,,,0,
2026-05-26,EQEM,Emerging Markets Equity,Equity,310862515.77,8759046.46,2096726.42,1764770.76,409458.79,20394736.8421,321718288.65,2174229.55,319544059.1,15.667967,15.60596,0.003973,500,-175791.56,,,,,0,
2026-05-27,EQEM,Emerging Markets Equity,Equity,313018076.64,8861830.67,2051881.53,1812426.66,420638.0,20394736.8421,323931788.84,2233064.66,321698724.18,15.773615,15.667967,0.006743,500,272324.87,,,,,0,
2026-05-28,EQEM,Emerging Markets Equity,Equity,320062427.24,8963090.18,2022041.85,1843552.3,432068.81,20394736.8421,331047559.27,2275621.11,328771938.16,16.120431,15.773615,0.021987,500,-321389.64,,,,,0,
2026-05-29,EQEM,Emerging Markets Equity,Equity,312542719.0,9039336.7,1962682.76,1768218.49,443231.05,20394736.8421,323544738.46,2211449.54,321333288.92,15.755697,16.120431,-0.022626,500,0.0,,,,,0,
2026-06-01,EQEM,Emerging Markets Equity,Equity,316207091.16,9159227.59,1887799.27,1690666.63,454524.16,20394736.8421,327254118.02,2145190.79,325108927.23,15.940825,15.755697,0.01175,500,-663048.25,,,,,0,
2026-06-02,EQEM,Emerging Markets Equity,Equity,315121147.82,8843568.97,1862730.72,1664234.58,465778.48,20394736.8421,325827447.51,2130013.06,323697434.45,15.871616,15.940825,-0.004342,500,-229485.45,,,,,0,
2026-06-03,EQEM,Emerging Markets Equity,Equity,314165359.09,8947980.04,1996491.61,1744129.47,476998.67,20394736.8421,325109830.74,2221128.14,322888702.6,15.831962,15.871616,-0.002498,500,178973.41,,,,,0,
2026-06-04,EQEM,Emerging Markets Equity,Equity,325546639.25,9283705.87,2069906.9,1805429.19,488625.34,20394736.8421,336900252.02,2294054.53,334606197.49,16.406497,15.831962,0.03629,500,153914.43,,,,,0,
2026-06-05,EQEM,Emerging Markets Equity,Equity,322997196.24,9105022.33,2051157.89,1749164.47,500160.95,20394736.8421,334153376.46,2249325.42,331904051.04,16.274005,16.406497,-0.008076,500,-270471.34,,,,,0,
2026-06-08,EQEM,Emerging Markets Equity,Equity,321908798.71,9364830.46,1839437.22,1827598.1,511657.7,20394736.8421,333113066.39,2339255.8,330773810.59,16.218587,16.274005,-0.003405,500,742543.69,,,,,0,
2026-06-09,EQEM,Emerging Markets Equity,Equity,320428782.35,9250362.26,1722738.44,1759379.12,523101.58,20394736.8421,331401883.05,2282480.7,329119402.35,16.137467,16.218587,-0.005002,500,-845524.22,,,,,0,
2026-06-10,EQEM,Emerging Markets Equity,Equity,324690324.14,9621104.41,1801886.78,1694795.85,534697.66,20394736.8421,336113315.33,2229493.51,333883821.82,16.371078,16.137467,0.014476,500,-330998.27,,,,,0,
2026-06-11,EQEM,Emerging Markets Equity,Equity,319199879.16,9594966.97,1753006.41,1637422.95,546097.66,20394736.8421,330547852.54,2183520.61,328364331.93,16.100445,16.371078,-0.016531,500,143983.32,,,,,0,
2026-06-12,EQEM,Emerging Markets Equity,Equity,317650634.15,9769354.66,1662082.04,1676432.24,557442.33,20394736.8421,329082070.85,2233874.57,326848196.28,16.026105,16.100445,-0.004617,500,357189.01,,,,,0,
2026-06-15,EQEM,Emerging Markets Equity,Equity,319164513.33,9576327.42,1740783.28,1670258.47,568841.06,20394736.8421,330481624.03,2239099.53,328242524.5,16.094472,16.026105,0.004266,500,-521165.11,,,,,0,
2026-06-16,EQEM,Emerging Markets Equity,Equity,316081125.08,9216699.51,1605880.84,1700094.01,580129.67,20394736.8421,326903705.43,2280223.68,324623481.75,15.917022,16.094472,-0.011026,500,-846384.82,,,,,0,
2026-06-17,EQEM,Emerging Markets Equity,Equity,306931521.05,9262321.16,1574939.69,1643757.14,591091.51,20394736.8421,317768781.9,2234848.65,315533933.25,15.471341,15.917022,-0.028,500,-307815.31,,,,,0,
2026-06-18,EQEM,Emerging Markets Equity,Equity,306831189.48,9462409.89,1582836.53,1654287.96,602049.77,20394736.8421,317876435.9,2256337.73,315620098.17,15.475566,15.471341,0.000273,500,-84845.28,,,,,0,
2026-06-19,EQEM,Emerging Markets Equity,Equity,308214760.28,9188818.54,1490246.54,1716727.91,613057.44,20394736.8421,318893825.36,2329785.35,316564040.01,15.52185,15.475566,0.002991,500,157300.26,,,,,0,
2026-06-22,EQEM,Emerging Markets Equity,Equity,308355945.78,9257335.04,1450984.04,1659915.53,624070.15,20394736.8421,319064264.86,2283985.68,316780279.18,15.532452,15.52185,0.000683,500,351854.43,,,,,0,
2026-06-23,EQEM,Emerging Markets Equity,Equity,310180037.27,8995232.7,1536181.04,1704916.5,635148.01,20394736.8421,320711451.01,2340064.51,318371386.5,15.610468,15.532452,0.005023,500,-208854.57,,,,,0,
2026-06-24,EQEM,Emerging Markets Equity,Equity,317474430.23,9399992.3,1432043.54,1647514.49,646486.38,20394736.8421,328306466.07,2294000.87,326012465.2,15.985127,15.610468,0.024001,500,-210329.56,,,,,0,
2026-06-25,EQEM,Emerging Markets Equity,Equity,319838734.15,9330723.58,1457044.75,1601799.73,657909.19,20394736.8421,330626502.48,2259708.92,328366793.56,16.100565,15.985127,0.007222,500,51515.38,,,,,0,
2026-06-26,EQEM,Emerging Markets Equity,Equity,315768701.36,8955895.83,1364547.41,1661266.11,669186.65,20394736.8421,326089144.6,2330452.76,323758691.84,15.87462,16.100565,-0.014033,500,-1145642.28,,,,,0,
2026-06-29,EQEM,Emerging Markets Equity,Equity,318012696.04,9054808.6,1308732.02,1726521.6,680544.24,20394736.8421,328376236.66,2407065.84,325969170.82,15.983005,15.87462,0.006828,500,-224742.62,,,,,0,
2026-06-30,EQEM,Emerging Markets Equity,Equity,329474249.99,9362165.06,1446777.7,1733144.64,692311.18,20394736.8421,340283192.75,2425455.82,337857736.93,16.565928,15.983005,0.036471,500,-585858.74,,,,,0,
2026-04-01,EQGL,Global Equity Fund,Equity,623511590.52,18653622.08,3837991.46,3345468.38,18556.89,25306122.449,646003204.06,3364025.27,642639178.79,25.394613,,,500,47471.29,,,,,0,
2026-04-02,EQGL,Global Equity Fund,Equity,634467525.28,19273538.68,3833942.21,3486869.56,37439.85,25306122.449,657575006.17,3524309.41,654050696.76,25.845552,25.394613,0.017757,500,34844.93,,,,,0,
2026-04-03,EQGL,Global Equity Fund,Equity,636283108.02,18598258.81,3581504.71,3410981.76,56376.85,25306122.449,658462871.54,3467358.61,654995512.93,25.882887,25.845552,0.001445,500,-710316.68,,,,,0,
2026-04-06,EQGL,Global Equity Fund,Equity,630055000.46,17882316.72,3768073.43,3343453.81,75128.49,25306122.449,651705390.61,3418582.3,648286808.31,25.617785,25.882887,-0.010242,500,608240.98,,,,,0,
2026-04-07,EQGL,Global Equity Fund,Equity,626408109.82,17820499.8,3573225.02,3380582.86,93771.59,25306122.449,647801834.64,3474354.45,644327480.19,25.461328,25.617785,-0.006107,500,-185940.05,,,,,0,
2026-04-08,EQGL,Global Equity Fund,Equity,622387338.53,18397814.76,3548273.18,3200890.26,112295.02,25306122.449,644333426.47,3313185.28,641020241.19,25.330639,25.461328,-0.005133,500,1169973.41,,,,,0,
2026-04-09,EQGL,Global Equity Fund,Equity,623941750.62,17710131.29,3358244.42,3238363.67,130864.71,25306122.449,645010126.33,3369228.38,641640897.95,25.355165,25.330639,0.000968,500,494545.97,,,,,0,
2026-04-10,EQGL,Global Equity Fund,Equity,623272803.26,17578541.86,3133478.53,3127213.48,149414.5,25306122.449,643984823.65,3276627.98,640708195.67,25.318308,25.355165,-0.001454,500,-1001672.61,,,,,0,
2026-04-13,EQGL,Global Equity Fund,Equity,625753305.1,16986564.04,3194620.34,3081827.2,168038.11,25306122.449,645934489.48,3249865.31,642684624.17,25.396409,25.318308,0.003085,500,-858793.2,,,,,0,
2026-04-14,EQGL,Global Equity Fund,Equity,632975120.71,17536292.17,3104000.52,3070420.86,186876.66,25306122.449,653615413.4,3257297.52,650358115.88,25.699635,25.396409,0.01194,500,-356861.79,,,,,0,
2026-04-15,EQGL,Global Equity Fund,Equity,629765356.65,17377214.14,2921044.84,2874051.93,205619.67,25306122.449,650063615.63,3079671.6,646983944.03,25.566301,25.699635,-0.005188,500,-258436.49,,,,,0,
2026-04-16,EQGL,Global Equity Fund,Equity,629392465.44,17745894.52,2973941.9,2774902.13,224351.59,25306122.449,650112301.86,2999253.72,647113048.14,25.571403,25.566301,0.0002,500,-718062.61,,,,,0,
2026-04-17,EQGL,Global Equity Fund,Equity,629270308.91,18333200.56,2577718.02,2898491.28,243079.87,25306122.449,650181227.49,3141571.15,647039656.34,25.568503,25.571403,-0.000113,500,330686.03,,,,,0,
2026-04-20,EQGL,Global Equity Fund,Equity,630031328.62,17604033.75,2547619.39,2955994.73,261830.81,25306122.449,650182981.76,3217825.54,646965156.22,25.565559,25.568503,-0.000115,500,1515013.46,,,,,0,
2026-04-21,EQGL,Global Equity Fund,Equity,624554195.6,17262969.64,2662684.22,2979574.49,280418.73,25306122.449,644479849.46,3259993.22,641219856.24,25.338527,25.565559,-0.00888,500,-682189.98,,,,,0,
2026-04-22,EQGL,Global Equity Fund,Equity,625346038.54,17648299.53,2560693.84,2934175.62,299030.22,25306122.449,645555031.91,3233205.84,642321826.07,25.382072,25.338527,0.001719,500,266271.53,,,,,0,
2026-04-23,EQGL,Global Equity Fund,Equity,627508061.81,17807603.98,2570317.08,2908990.74,317706.05,25306122.449,647885982.87,3226696.79,644659286.08,25.47444,25.382072,0.003639,500,-209119.89,,,,,0,
2026-04-24,EQGL,Global Equity Fund,Equity,625267946.08,17443050.38,2536938.18,2959239.66,336315.22,25306122.449,645247934.64,3295554.88,641952379.76,25.367473,25.47444,-0.004199,500,1346260.24,,,,,0,
2026-04-27,EQGL,Global Equity Fund,Equity,627164417.71,17467942.2,2255820.45,2964224.34,354980.83,25306122.449,646888180.36,3319205.17,643568975.19,25.431355,25.367473,0.002518,500,-1573119.84,,,,,0,
2026-04-28,EQGL,Global Equity Fund,Equity,625962789.12,17547728.58,2246283.57,2782973.22,373610.67,25306122.449,645756801.27,3156583.89,642600217.38,25.393073,25.431355,-0.001505,500,399441.84,,,,,0,
2026-04-29,EQGL,Global Equity Fund,Equity,748368624.1,17359341.24,2478897.72,2595269.22,392406.35,25306122.449,768206863.06,2987675.57,765219187.49,30.2385,25.393073,0.190817,500,-995269.06,NAV MOVE BREACH,,,,1,NAV MOVE BREACH
2026-04-30,EQGL,Global Equity Fund,Equity,624779872.11,16961380.61,2467326.12,2492015.73,411000.99,25306122.449,644208578.84,2903016.72,641305562.12,25.341913,30.2385,-0.161932,500,-542759.95,NAV MOVE BREACH,,,,1,NAV MOVE BREACH
2026-05-01,EQGL,Global Equity Fund,Equity,617604062.32,16942068.94,2302706.41,2693133.07,429382.06,25306122.449,636848837.67,3122515.13,633726322.54,25.042411,25.341913,-0.011818,500,-276354.05,,,,,0,
2026-05-04,EQGL,Global Equity Fund,Equity,623254330.05,16636781.76,2357796.85,2913295.48,447931.3,25306122.449,642248908.66,3361226.78,638887681.88,25.246368,25.042411,0.008144,500,-621920.29,,,,,0,
2026-05-05,EQGL,Global Equity Fund,Equity,625160684.76,16980927.82,2179418.36,2724087.0,466537.27,25306122.449,644321030.94,3190624.27,641130406.67,25.334992,25.246368,0.00351,500,247780.97,,,,,0,
2026-05-06,EQGL,Global Equity Fund,Equity,627008298.0,17161449.15,2083527.98,2767087.82,485198.23,25306122.449,646253275.13,3252286.05,643000989.08,25.40891,25.334992,0.002918,500,767233.59,,,,,0,
2026-05-07,EQGL,Global Equity Fund,Equity,640002116.77,17699047.23,1943721.19,2925278.59,504245.91,25306122.449,659644885.19,3429524.5,656215360.69,25.931091,25.40891,0.020551,500,-1032791.7,,,,,0,
2026-05-08,EQGL,Global Equity Fund,Equity,648286657.04,17608931.01,2118772.32,3027369.09,523540.16,25306122.449,668014360.37,3550909.25,664463451.12,26.257023,25.931091,0.012569,500,-620000.05,,,,,0,
2026-05-11,EQGL,Global Equity Fund,Equity,646666414.12,17272472.04,1975424.36,2893189.18,542786.18,25306122.449,665914310.52,3435975.36,662478335.16,26.178579,26.257023,-0.002988,500,-228029.32,,,,,0,
2026-05-12,EQGL,Global Equity Fund,Equity,648763940.52,17650485.0,1983856.28,3128893.64,562094.63,25306122.449,668398281.8,3690988.27,664707293.53,26.266659,26.178579,0.003365,500,-1990060.05,,,,,0,
2026-05-13,EQGL,Global Equity Fund,Equity,653358707.86,17439472.94,1960076.12,3226708.14,581539.83,25306122.449,672758256.92,3808247.97,668950008.95,26.434315,26.266659,0.006383,500,-591204.65,,,,,0,
2026-05-14,EQGL,Global Equity Fund,Equity,656890512.76,17505039.63,1970671.54,3005329.18,601090.14,25306122.449,676366223.93,3606419.32,672759804.61,26.584863,26.434315,0.005695,500,-854271.1,,,,,0,
2026-05-15,EQGL,Global Equity Fund,Equity,658568888.5,17057522.67,2003079.04,3073909.82,620690.41,25306122.449,677629490.21,3694600.23,673934889.98,26.631298,26.584863,0.001747,500,-600840.52,,,,,0,
2026-05-18,EQGL,Global Equity Fund,Equity,659122281.24,16619841.72,2061360.37,3165202.95,640307.14,25306122.449,677803483.33,3805510.09,673997973.24,26.633791,26.631298,9.4e-05,500,149097.12,,,,,0,
2026-05-19,EQGL,Global Equity Fund,Equity,649265527.35,16005964.09,2110788.75,3197929.4,659630.52,25306122.449,667382280.19,3857559.92,663524720.27,26.219928,26.633791,-0.015539,500,-2182367.4,,,,,0,
2026-05-20,EQGL,Global Equity Fund,Equity,653472635.27,16554916.11,2274085.6,3320811.25,679079.11,25306122.449,672301636.98,3999890.36,668301746.62,26.408698,26.219928,0.007199,500,-690177.33,,,,,0,
2026-05-21,EQGL,Global Equity Fund,Equity,648048108.38,16325410.56,2179718.9,3305978.95,698366.26,25306122.449,666553237.84,4004345.21,662548892.63,26.181368,26.408698,-0.008608,500,2280105.97,,,,,0,
2026-05-22,EQGL,Global Equity Fund,Equity,653069743.8,15819984.35,2122640.18,3502275.09,717802.86,25306122.449,671012368.33,4220077.95,666792290.38,26.34905,26.181368,0.006405,500,605824.33,,,,,0,
2026-05-26,EQGL,Global Equity Fund,Equity,648061782.43,15962924.12,1992765.6,3509085.3,737090.41,25306122.449,666017472.15,4246175.71,661771296.44,26.15064,26.34905,-0.00753,500,540296.89,,,,,0,
2026-05-27,EQGL,Global Equity Fund,Equity,663474885.3,16594930.1,1990424.66,3622233.09,756836.69,25306122.449,682060240.06,4379069.78,677681170.28,26.779337,26.15064,0.024041,500,-1011728.66,,,,,0,
2026-05-28,EQGL,Global Equity Fund,Equity,657823586.61,16408293.19,2053196.97,3728063.3,776414.77,25306122.449,676285076.77,4504478.07,671780598.7,26.546169,26.779337,-0.008707,500,-267870.16,,,,,0,
2026-05-29,EQGL,Global Equity Fund,Equity,654518418.82,16069281.78,2320206.25,3772948.34,795894.49,25306122.449,672907906.85,4568842.83,668339064.02,26.410173,26.546169,-0.005123,500,-1121981.85,,,,,0,
2026-06-01,EQGL,Global Equity Fund,Equity,669928216.01,16862618.99,2130544.01,3783921.08,815832.83,25306122.449,688921379.01,4599753.91,684321625.1,27.041742,26.410173,0.023914,500,1487212.47,,,,,0,
2026-06-02,EQGL,Global Equity Fund,Equity,673332800.38,17261266.96,2019998.4,3793531.72,835872.49,25306122.449,692614065.74,4629404.21,687984661.53,27.186491,27.041742,0.005353,500,0.0,,,,,0,
2026-06-03,EQGL,Global Equity Fund,Equity,671596780.32,16713958.8,2277907.66,3553236.25,855860.49,25306122.449,690588646.78,4409096.74,686179550.04,27.11516,27.186491,-0.002624,500,-354558.17,,,,,0,
2026-06-04,EQGL,Global Equity Fund,Equity,682378599.18,16394403.84,2504969.54,3611955.8,876169.38,25306122.449,701277972.56,4488125.18,696789847.38,27.534438,27.11516,0.015463,500,-811154.57,,,,,0,
2026-06-05,EQGL,Global Equity Fund,Equity,684009249.74,16187248.49,2522414.42,3557333.2,896526.8,25306122.449,702718912.65,4453860.0,698265052.65,27.592732,27.534438,0.002117,500,-305116.22,,,,,0,
2026-06-08,EQGL,Global Equity Fund,Equity,696079403.48,15955920.95,2923267.96,3293992.62,917243.45,25306122.449,714958592.39,4211236.07,710747356.32,28.085984,27.592732,0.017876,500,-452160.44,,,,,0,
2026-06-09,EQGL,Global Equity Fund,Equity,698370138.53,15747505.61,2898005.04,3222201.54,938028.27,25306122.449,717015649.18,4160229.81,712855419.37,28.169287,28.085984,0.002966,500,-955916.01,,,,,0,
2026-06-10,EQGL,Global Equity Fund,Equity,701252431.06,15520955.53,3061368.79,3287218.8,958898.88,25306122.449,719834755.38,4246117.68,715588637.7,28.277293,28.169287,0.003834,500,237362.55,,,,,0,
2026-06-11,EQGL,Global Equity Fund,Equity,694997999.11,15148930.15,3158712.82,3359709.75,979583.34,25306122.449,713305642.08,4339293.09,708966348.99,28.015606,28.277293,-0.009254,500,-33568.07,,,,,0,
2026-06-12,EQGL,Global Equity Fund,Equity,704904718.72,15114666.88,3296294.47,3373393.73,1000562.65,25306122.449,723315680.07,4373956.38,718941723.69,28.409794,28.015606,0.01407,500,-849320.63,,,,,0,
2026-06-15,EQGL,Global Equity Fund,Equity,711445938.33,15602185.51,3549789.32,3408283.75,1021736.64,25306122.449,730597913.16,4430020.39,726167892.77,28.695344,28.409794,0.010051,500,780974.94,,,,,0,
2026-06-16,EQGL,Global Equity Fund,Equity,714125122.71,15605177.64,3579781.37,3523122.75,1042990.36,25306122.449,733310081.72,4566113.11,728743968.61,28.797141,28.695344,0.003547,500,-1923008.12,,,,,0,
2026-06-17,EQGL,Global Equity Fund,Equity,706365302.58,14921012.37,3737214.62,3619048.55,1064013.14,25306122.449,725023529.57,4683061.69,720340467.88,28.465067,28.797141,-0.011531,500,97813.5,,,,,0,
2026-06-18,EQGL,Global Equity Fund,Equity,706411417.99,14541688.05,3750310.41,3504479.68,1085037.29,25306122.449,724703416.45,4589516.97,720113899.48,28.456114,28.465067,-0.000315,500,887782.21,,,,,0,
2026-06-19,EQGL,Global Equity Fund,Equity,700138153.18,14277542.35,3786392.07,3378633.84,1105874.73,25306122.449,718202087.6,4484508.57,713717579.03,28.203356,28.456114,-0.008882,500,-662194.68,,,,,0,
2026-06-22,EQGL,Global Equity Fund,Equity,702164795.68,14105295.99,3717973.12,3427518.7,1126772.49,25306122.449,719988064.79,4554291.19,715433773.6,28.271173,28.203356,0.002405,500,0.0,,,,,0,
2026-06-23,EQGL,Global Equity Fund,Equity,696756100.0,13935122.0,3741324.42,3647828.14,1147509.28,25306122.449,714432546.42,4795337.42,709637209.0,28.042116,28.271173,-0.008102,500,809176.84,,,,,0,
2026-06-24,EQGL,Global Equity Fund,Equity,696749704.97,13934994.1,3738194.31,3599525.18,1168245.88,25306122.449,714422893.38,4767771.06,709655122.32,28.042823,28.042116,2.5e-05,500,798102.61,,,,,0,
2026-06-25,EQGL,Global Equity Fund,Equity,700869454.75,14661939.03,3742003.15,3688379.89,1189105.09,25306122.449,719273396.93,4877484.98,714395911.95,28.230161,28.042823,0.00668,500,849099.49,,,,,0,
2026-06-26,EQGL,Global Equity Fund,Equity,702737283.97,14706322.84,3768449.41,3567836.01,1210019.89,25306122.449,721212056.22,4777855.9,716434200.32,28.310706,28.230161,0.002853,500,-259399.26,,,,,0,
2026-06-29,EQGL,Global Equity Fund,Equity,714095331.32,15355021.44,4198375.88,3493991.21,1231272.73,25306122.449,733648728.64,4725263.94,728923464.7,28.804234,28.310706,0.017433,500,585967.3,,,,,0,
2026-06-30,EQGL,Global Equity Fund,Equity,731439158.95,15373229.02,4152936.02,3473632.06,1253041.75,25306122.449,750965323.99,4726673.81,746238650.18,29.488463,28.804234,0.023754,500,-137435.08,,,,,0,
2026-04-01,FDIV,Global Dividend Fund,Equity,269884079.25,8217631.82,1549820.57,1364916.94,8567.75,21568627.451,279651531.64,1373484.69,278278046.95,12.901982,,,500,931947.28,,,,,0,
2026-04-02,FDIV,Global Dividend Fund,Equity,263450655.04,7976533.32,1582488.01,1456203.11,16931.26,21568627.451,273009676.37,1473134.37,271536542.0,12.589421,12.901982,-0.024226,500,-370251.52,,,,,0,
2026-04-03,FDIV,Global Dividend Fund,Equity,262338774.89,7926192.15,1742300.51,1355428.31,25259.48,21568627.451,272007267.55,1380687.79,270626579.76,12.547232,12.589421,-0.003351,500,-30243.09,,,,,0,
2026-04-06,FDIV,Global Dividend Fund,Equity,265097259.27,8025120.86,1780219.96,1344762.61,33675.26,21568627.451,274902600.09,1378437.87,273524162.22,12.681575,12.547232,0.010707,500,220127.55,,,,,0,
2026-04-07,FDIV,Global Dividend Fund,Equity,266715660.26,8014965.17,1815226.94,1351099.13,42142.43,21568627.451,276545852.37,1393241.56,275152610.81,12.757076,12.681575,0.005954,500,414643.18,,,,,0,
2026-04-08,FDIV,Global Dividend Fund,Equity,262276495.9,8080149.03,1728002.1,1287459.48,50468.66,21568627.451,272084647.03,1337928.14,270746718.89,12.552802,12.757076,-0.016013,500,-584835.75,,,,,0,
2026-04-09,FDIV,Global Dividend Fund,Equity,257007648.28,8401682.91,1758427.95,1275365.62,58627.64,21568627.451,267167759.14,1333993.26,265833765.88,12.32502,12.552802,-0.018146,500,-76995.13,,,,,0,
2026-04-10,FDIV,Global Dividend Fund,Equity,258331408.08,8544964.82,1801932.24,1287488.56,66828.63,21568627.451,268678305.14,1354317.19,267323987.95,12.394112,12.32502,0.005606,500,8138.49,,,,,0,
2026-04-13,FDIV,Global Dividend Fund,Equity,257904740.53,8706294.52,1835695.58,1103360.46,75016.09,21568627.451,268446730.63,1178376.55,267268354.08,12.391533,12.394112,-0.000208,500,185039.56,,,,,0,
2026-04-14,FDIV,Global Dividend Fund,Equity,257910483.24,8646366.59,1905317.37,1162035.51,83203.72,21568627.451,268462167.2,1245239.23,267216927.97,12.389148,12.391533,-0.000192,500,-343133.32,,,,,0,
2026-04-15,FDIV,Global Dividend Fund,Equity,255581360.99,8356720.7,1849668.4,1204440.28,91317.41,21568627.451,265787750.09,1295757.69,264491992.4,12.262811,12.389148,-0.010197,500,186822.92,,,,,0,
2026-04-16,FDIV,Global Dividend Fund,Equity,257393026.46,8495672.97,1823152.52,1239659.57,99488.62,21568627.451,267711851.95,1339148.19,266372703.76,12.350007,12.262811,0.007111,500,63462.01,,,,,0,
2026-04-17,FDIV,Global Dividend Fund,Equity,260351676.17,8703972.85,1866069.1,1320776.76,107753.75,21568627.451,270921718.12,1428530.51,269493187.61,12.494684,12.350007,0.011715,500,238747.98,,,,,0,
2026-04-20,FDIV,Global Dividend Fund,Equity,260000426.31,8576025.0,1821420.32,1309976.87,116007.74,21568627.451,270397871.63,1425984.61,268971887.02,12.470515,12.494684,-0.001934,500,-126841.64,,,,,0,
2026-04-21,FDIV,Global Dividend Fund,Equity,255375190.49,8456145.13,1789092.34,1236593.85,124114.89,21568627.451,265620427.96,1360708.74,264259719.22,12.252042,12.470515,-0.017519,500,-38563.9,,,,,0,
2026-04-22,FDIV,Global Dividend Fund,Equity,251526221.92,8213588.48,1715697.2,1161217.66,132099.84,21568627.451,261455507.6,1293317.5,260162190.1,12.062065,12.252042,-0.015506,500,359859.11,,,,,0,
2026-04-23,FDIV,Global Dividend Fund,Equity,250944469.19,7892876.44,1749998.09,1083895.48,140066.34,21568627.451,260587343.72,1223961.82,259363381.9,12.02503,12.062065,-0.00307,500,-36628.75,,,,,0,
2026-04-24,FDIV,Global Dividend Fund,Equity,254238430.7,7796828.89,1588726.77,1109340.96,148137.4,21568627.451,263623986.36,1257478.36,262366508.0,12.164265,12.02503,0.011579,500,246887.42,,,,,0,
2026-04-27,FDIV,Global Dividend Fund,Equity,254795661.45,7738757.64,1641565.2,1052239.09,156226.15,21568627.451,264175984.29,1208465.24,262967519.05,12.19213,12.164265,0.002291,500,31793.34,,,,,0,
2026-04-28,FDIV,Global Dividend Fund,Equity,257412920.99,8244473.41,1682670.45,1031604.37,164397.99,21568627.451,267340064.85,1196002.36,266144062.49,12.339407,12.19213,0.01208,500,239060.48,,,,,0,
2026-04-29,FDIV,Global Dividend Fund,Equity,255765536.28,8128902.43,1639731.24,1034354.44,172517.53,21568627.451,265534169.95,1206871.97,264327297.98,12.255175,12.339407,-0.006826,500,-559111.78,,,,,0,
2026-04-30,FDIV,Global Dividend Fund,Equity,255817192.5,8129116.69,1619930.95,1044091.46,180638.71,21568627.451,265566240.14,1224730.17,264341509.97,12.255834,12.255175,5.4e-05,500,519782.43,,,,,0,
2026-05-01,FDIV,Global Dividend Fund,Equity,254268959.57,8033581.55,1527995.79,987777.66,188710.74,21568627.451,263830536.91,1176488.4,262654048.51,12.177597,12.255834,-0.006384,500,-394155.62,,,,,0,
2026-05-04,FDIV,Global Dividend Fund,Equity,254954044.73,8084840.61,1584178.29,982033.42,196804.52,21568627.451,264623063.63,1178837.94,263444225.69,12.214232,12.177597,0.003008,500,187577.98,,,,,0,
2026-05-05,FDIV,Global Dividend Fund,Equity,255647759.98,8017450.43,1438853.99,976466.72,204920.32,21568627.451,265104064.4,1181387.04,263922677.36,12.236415,12.214232,0.001816,500,216826.72,,,,,0,
2026-05-06,FDIV,Global Dividend Fund,Equity,258043505.72,8283969.47,1457828.49,997837.31,213112.18,21568627.451,267785303.68,1210949.49,266574354.19,12.359356,12.236415,0.010047,500,-80713.09,,,,,0,
2026-05-07,FDIV,Global Dividend Fund,Equity,259604624.01,8521606.42,1457959.88,975824.96,221353.59,21568627.451,269584190.31,1197178.55,268387011.76,12.443398,12.359356,0.0068,500,-154190.81,,,,,0,
2026-05-08,FDIV,Global Dividend Fund,Equity,256095646.76,8053597.93,1404415.57,887606.51,229483.61,21568627.451,265553660.26,1117090.12,264436570.14,12.260241,12.443398,-0.014719,500,-95482.72,,,,,0,
2026-05-11,FDIV,Global Dividend Fund,Equity,255044153.92,8242797.0,1418649.48,902354.34,237580.25,21568627.451,264705600.4,1139934.59,263565665.81,12.219863,12.260241,-0.003293,500,452828.36,,,,,0,
2026-05-12,FDIV,Global Dividend Fund,Equity,257612846.92,8314104.13,1474391.36,845172.65,245758.44,21568627.451,267401342.41,1090931.09,266310411.32,12.347119,12.219863,0.010414,500,-467411.62,,,,,0,
2026-05-13,FDIV,Global Dividend Fund,Equity,258585564.82,8205542.77,1425986.74,918209.01,253967.51,21568627.451,268217094.33,1172176.52,267044917.81,12.381173,12.347119,0.002758,500,-716908.57,,,,,0,
2026-05-14,FDIV,Global Dividend Fund,Equity,256424850.48,8235197.83,1393847.52,947657.89,262107.98,21568627.451,266053895.83,1209765.87,264844129.96,12.279137,12.381173,-0.008241,500,-102812.77,,,,,0,
2026-05-15,FDIV,Global Dividend Fund,Equity,256575816.04,8085763.92,1440286.75,916613.04,270253.24,21568627.451,266101866.71,1186866.28,264915000.43,12.282423,12.279137,0.000268,500,172062.03,,,,,0,
2026-05-18,FDIV,Global Dividend Fund,Equity,250381519.13,7861858.14,1550492.93,941632.11,278201.86,21568627.451,259793870.2,1219833.97,258574036.23,11.988433,12.282423,-0.023936,500,100668.55,,,,,0,
2026-05-19,FDIV,Global Dividend Fund,Equity,250485033.36,7947335.53,1480147.72,1009010.43,286153.77,21568627.451,259912516.61,1295164.2,258617352.41,11.990441,11.988433,0.000168,500,46324.65,,,,,0,
2026-05-20,FDIV,Global Dividend Fund,Equity,251578530.66,7984990.85,1527235.92,1049148.34,294140.39,21568627.451,261090757.43,1343288.73,259747468.7,12.042837,11.990441,0.00437,500,84181.11,,,,,0,
2026-05-21,FDIV,Global Dividend Fund,Equity,251872282.51,8228407.55,1454115.96,961662.41,302136.33,21568627.451,261554806.02,1263798.74,260291007.28,12.068038,12.042837,0.002093,500,66477.55,,,,,0,
2026-05-22,FDIV,Global Dividend Fund,Equity,252337426.59,8280538.44,1443284.0,1053665.95,310147.04,21568627.451,262061249.03,1363812.99,260697436.04,12.086881,12.068038,0.001561,500,0.0,,,,,0,
2026-05-26,FDIV,Global Dividend Fund,Equity,252140371.19,8025483.46,1431515.31,1153384.81,318151.5,21568627.451,261597369.96,1471536.31,260125833.65,12.06038,12.086881,-0.002193,500,-35394.48,,,,,0,
2026-05-27,FDIV,Global Dividend Fund,Equity,249172284.36,7838862.85,1392226.88,1120807.88,326061.73,21568627.451,258403374.09,1446869.61,256956504.48,11.913438,12.06038,-0.012184,500,281740.9,,,,,0,
2026-05-28,FDIV,Global Dividend Fund,Equity,246591145.89,7794132.78,1407290.71,1176673.75,333890.02,21568627.451,255792569.38,1510563.77,254282005.61,11.789438,11.913438,-0.010408,500,769078.43,,,,,0,
2026-05-29,FDIV,Global Dividend Fund,Equity,244740936.43,7550983.79,1382985.78,1195237.88,341659.58,21568627.451,253674906.0,1536897.46,252138008.54,11.690035,11.789438,-0.008432,500,376295.57,,,,,0,
2026-06-01,FDIV,Global Dividend Fund,Equity,244046226.69,7551771.51,1330144.87,1314231.7,349407.07,21568627.451,252928143.07,1663638.77,251264504.3,11.649536,11.690035,-0.003464,500,-275884.03,,,,,0,
2026-06-02,FDIV,Global Dividend Fund,Equity,248786643.83,7699474.11,1344634.95,1318417.04,357305.06,21568627.451,257830752.89,1675722.1,256155030.79,11.876279,11.649536,0.019464,500,-447315.91,,,,,0,
2026-06-03,FDIV,Global Dividend Fund,Equity,243608724.99,7763362.05,1233396.27,1275387.12,365038.67,21568627.451,252605483.31,1640425.79,250965057.52,11.635653,11.876279,-0.020261,500,-292188.02,,,,,0,
2026-06-04,FDIV,Global Dividend Fund,Equity,239958934.89,7713591.43,1331497.59,1177773.65,372656.42,21568627.451,249004023.91,1550430.07,247453593.84,11.472848,11.635653,-0.013992,500,290352.65,,,,,0,
2026-06-05,FDIV,Global Dividend Fund,Equity,240977783.37,7749111.3,1300050.85,1210990.33,380306.51,21568627.451,250026945.52,1591296.84,248435648.68,11.51838,11.472848,0.003969,500,680683.28,,,,,0,
2026-06-08,FDIV,Global Dividend Fund,Equity,242673712.82,7615341.21,1253495.74,1247026.65,388010.43,21568627.451,251542549.77,1635037.08,249907512.69,11.586621,11.51838,0.005925,500,409685.25,,,,,0,
2026-06-09,FDIV,Global Dividend Fund,Equity,242000523.49,7594112.98,1177394.65,1278677.66,395692.99,21568627.451,250772031.12,1674370.65,249097660.47,11.549073,11.586621,-0.003241,500,455427.24,,,,,0,
2026-06-10,FDIV,Global Dividend Fund,Equity,240968294.36,7600161.98,1147116.04,1269398.98,403342.78,21568627.451,249715572.38,1672741.76,248042830.62,11.500168,11.549073,-0.004235,500,795133.46,,,,,0,
2026-06-11,FDIV,Global Dividend Fund,Equity,240196176.18,7482487.06,1186340.91,1254884.49,410968.05,21568627.451,248865004.15,1665852.54,247199151.61,11.461052,11.500168,-0.003401,500,-586487.57,,,,,0,
2026-06-12,FDIV,Global Dividend Fund,Equity,243483555.94,7497178.13,1093504.21,1330934.25,418697.69,21568627.451,252074238.28,1749631.94,250324606.34,11.605959,11.461052,0.012643,500,-437592.08,,,,,0,
2026-06-15,FDIV,Global Dividend Fund,Equity,238975217.76,7486345.67,1003791.29,1348202.97,426284.2,21568627.451,247465354.72,1774487.17,245690867.55,11.391122,11.605959,-0.018511,500,252210.11,,,,,0,
2026-06-16,FDIV,Global Dividend Fund,Equity,238098932.69,7556941.42,1006161.75,1376654.87,433842.9,21568627.451,246662035.86,1810497.77,244851538.09,11.352208,11.391122,-0.003416,500,899725.39,,,,,0,
2026-06-17,FDIV,Global Dividend Fund,Equity,241804590.06,7689694.27,969661.94,1320878.24,441519.24,21568627.451,250463946.27,1762397.48,248701548.79,11.530708,11.352208,0.015724,500,-313708.89,,,,,0,
2026-06-18,FDIV,Global Dividend Fund,Equity,241559952.33,7900935.18,884549.89,1318841.03,449187.81,21568627.451,250345437.4,1768028.84,248577408.56,11.524953,11.530708,-0.000499,500,-329998.64,,,,,0,
2026-06-19,FDIV,Global Dividend Fund,Equity,243643510.84,7907574.62,739899.56,1341849.99,456922.52,21568627.451,252290985.02,1798772.51,250492212.51,11.61373,11.524953,0.007703,500,49324.56,,,,,0,
2026-06-22,FDIV,Global Dividend Fund,Equity,246552597.5,7843547.87,788984.08,1428435.38,464749.59,21568627.451,255185129.45,1893184.97,253291944.48,11.743536,11.61373,0.011177,500,-316694.68,,,,,0,
2026-06-23,FDIV,Global Dividend Fund,Equity,245420992.98,7795543.85,805841.38,1393181.01,472540.73,21568627.451,254022378.21,1865721.74,252156656.47,11.6909,11.743536,-0.004482,500,-205814.78,,,,,0,
2026-06-24,FDIV,Global Dividend Fund,Equity,242935163.89,7558313.0,837289.62,1312089.92,480252.96,21568627.451,251330766.51,1792342.88,249538423.63,11.569509,11.6909,-0.010383,500,107449.26,,,,,0,
2026-06-25,FDIV,Global Dividend Fund,Equity,239000789.08,7338741.79,892223.92,1234560.56,487840.28,21568627.451,247231754.79,1722400.84,245509353.95,11.382706,11.569509,-0.016146,500,-265526.83,,,,,0,
2026-06-26,FDIV,Global Dividend Fund,Equity,240827283.27,7358479.54,864507.26,1326206.25,495485.59,21568627.451,249050270.07,1821691.84,247228578.23,11.462416,11.382706,0.007003,500,305232.33,,,,,0,
2026-06-29,FDIV,Global Dividend Fund,Equity,241070644.62,7249005.96,817333.88,1357777.48,503138.63,21568627.451,249136984.46,1860916.11,247276068.35,11.464618,11.462416,0.000192,500,-258412.16,,,,,0,
2026-06-30,FDIV,Global Dividend Fund,Equity,242608500.77,7076453.34,883798.63,1308326.0,510840.49,21568627.451,250568752.74,1819166.49,248749586.25,11.532935,11.464618,0.005959,500,-174896.08,,,,,0,
2026-04-01,FIIG,Investment Grade Bond,Fixed Income,539160025.81,16761120.66,3326542.13,2623017.82,8558.1,45569620.2532,559247688.6,2631575.92,556616112.68,12.214631,,,150,-113897.13,,,,,0,
2026-04-02,FIIG,Investment Grade Bond,Fixed Income,540206572.02,16284707.71,3238726.14,2596018.59,17132.8,45569620.2532,559730005.87,2613151.39,557116854.48,12.22562,12.214631,0.0009,150,-362912.09,,,,,0,
2026-04-03,FIIG,Investment Grade Bond,Fixed Income,540583400.03,15862948.32,3290312.23,2677046.88,25713.49,45569620.2532,559736660.58,2702760.37,557033900.21,12.223799,12.22562,-0.000149,150,-225239.54,,,,,0,
2026-04-06,FIIG,Investment Grade Bond,Fixed Income,541953769.24,16052473.23,3289526.74,2467793.78,34315.93,45569620.2532,561295769.21,2502109.71,558793659.5,12.262416,12.223799,0.003159,150,209026.12,,,,,0,
2026-04-07,FIIG,Investment Grade Bond,Fixed Income,542474272.88,15652328.41,3151939.18,2607277.9,42926.64,45569620.2532,561278540.47,2650204.54,558628335.93,12.258788,12.262416,-0.000296,150,-376443.15,,,,,0,
2026-04-08,FIIG,Investment Grade Bond,Fixed Income,542625781.31,15666387.84,3275012.37,2540801.49,51539.74,45569620.2532,561567181.52,2592341.23,558974840.29,12.266392,12.258788,0.00062,150,390877.78,,,,,0,
2026-04-09,FIIG,Investment Grade Bond,Fixed Income,542074153.67,15549905.02,3300582.14,2475934.4,60144.09,45569620.2532,560924640.83,2536078.49,558388562.34,12.253527,12.266392,-0.001049,150,1299729.97,,,,,0,
2026-04-10,FIIG,Investment Grade Bond,Fixed Income,541898933.3,15401904.79,3487703.04,2500697.15,68745.67,45569620.2532,560788541.13,2569442.82,558219098.31,12.249808,12.253527,-0.000303,150,1154635.26,,,,,0,
2026-04-13,FIIG,Investment Grade Bond,Fixed Income,542412513.0,15706029.92,3501720.13,2641770.34,77355.39,45569620.2532,561620263.05,2719125.73,558901137.32,12.264775,12.249808,0.001222,150,-1118355.3,,,,,0,
2026-04-14,FIIG,Investment Grade Bond,Fixed Income,546012458.6,15691400.88,3466580.76,2849759.39,86022.25,45569620.2532,565170440.24,2935781.64,562234658.6,12.337927,12.264775,0.005964,150,1388141.61,,,,,0,
2026-04-15,FIIG,Investment Grade Bond,Fixed Income,545479264.83,15583853.27,3287186.8,2726711.19,94680.65,45569620.2532,564350304.9,2821391.84,561528913.06,12.32244,12.337927,-0.001255,150,0.0,,,,,0,
2026-04-16,FIIG,Investment Grade Bond,Fixed Income,545535385.0,15662120.03,3490529.68,2596278.73,103339.94,45569620.2532,564688034.71,2699618.67,561988416.04,12.332524,12.32244,0.000818,150,818950.28,,,,,0,
2026-04-17,FIIG,Investment Grade Bond,Fixed Income,545568936.31,15883979.6,3343739.01,2646509.82,111999.77,45569620.2532,564796654.92,2758509.59,562038145.33,12.333615,12.332524,8.8e-05,150,-130655.02,,,,,0,
2026-04-20,FIIG,Investment Grade Bond,Fixed Income,546119782.1,16704550.0,3263527.31,2579584.82,120668.34,45569620.2532,566087859.41,2700253.16,563387606.25,12.363228,12.333615,0.002401,150,-19841.65,,,,,0,
2026-04-21,FIIG,Investment Grade Bond,Fixed Income,545254354.84,17067068.43,3444244.32,2500808.54,129323.17,45569620.2532,565765667.59,2630131.71,563135535.88,12.357696,12.363228,-0.000447,150,-712020.84,,,,,0,
2026-04-22,FIIG,Investment Grade Bond,Fixed Income,544520320.05,17250878.87,3466126.57,2299357.05,137966.35,45569620.2532,565237325.49,2437323.4,562800002.09,12.350333,12.357696,-0.000596,150,-9967.97,,,,,0,
2026-04-23,FIIG,Investment Grade Bond,Fixed Income,543694931.62,17098255.02,3498174.24,2339513.86,146596.43,45569620.2532,564291360.88,2486110.29,561805250.59,12.328504,12.350333,-0.001768,150,-713324.81,,,,,0,
2026-04-24,FIIG,Investment Grade Bond,Fixed Income,543534295.73,16832862.14,3317210.94,2243474.12,155223.95,45569620.2532,563684368.81,2398698.07,561285670.74,12.317102,12.328504,-0.000925,150,-1033433.65,,,,,0,
2026-04-27,FIIG,Investment Grade Bond,Fixed Income,542855252.01,16884723.33,3310927.05,2395501.44,163840.7,45569620.2532,563050902.39,2559342.14,560491560.25,12.299676,12.317102,-0.001415,150,2006788.26,,,,,0,
2026-04-28,FIIG,Investment Grade Bond,Fixed Income,542219877.7,17204659.81,3395788.27,2633014.82,172447.37,45569620.2532,562820325.78,2805462.19,560014863.59,12.289215,12.299676,-0.00085,150,645804.96,,,,,0,
2026-04-29,FIIG,Investment Grade Bond,Fixed Income,543225063.09,17597919.73,3509053.05,2704031.34,181069.99,45569620.2532,564332035.87,2885101.33,561446934.54,12.320641,12.289215,0.002557,150,50643.62,,,,,0,
2026-04-30,FIIG,Investment Grade Bond,Fixed Income,545436013.63,17881841.9,3501458.53,2734242.37,189727.7,45569620.2532,566819314.06,2923970.07,563895343.99,12.37437,12.320641,0.004361,150,1267817.81,,,,,0,
2026-05-01,FIIG,Investment Grade Bond,Fixed Income,546108146.4,17774994.11,3509540.79,2905173.25,198396.09,45569620.2532,567392681.3,3103569.34,564289111.96,12.383011,12.37437,0.000698,150,150248.89,,,,,0,
2026-05-04,FIIG,Investment Grade Bond,Fixed Income,544138008.18,17954508.05,3581175.57,3177198.75,207033.2,45569620.2532,565673691.8,3384231.95,562289459.85,12.33913,12.383011,-0.003544,150,-275615.59,,,,,0,
2026-05-05,FIIG,Investment Grade Bond,Fixed Income,544626793.38,18486110.11,3571936.33,3216523.77,215678.07,45569620.2532,566684839.82,3432201.84,563252637.98,12.360266,12.33913,0.001713,150,337071.12,,,,,0,
2026-05-06,FIIG,Investment Grade Bond,Fixed Income,544054927.55,18530056.81,3708373.26,3079111.0,224313.86,45569620.2532,566293357.62,3303424.86,562989932.76,12.354501,12.360266,-0.000466,150,556036.11,,,,,0,
2026-05-07,FIIG,Investment Grade Bond,Fixed Income,545984217.36,18096785.2,3648284.64,3139458.35,232980.28,45569620.2532,567729287.2,3372438.63,564356848.57,12.384498,12.354501,0.002428,150,1107515.23,,,,,0,
2026-05-08,FIIG,Investment Grade Bond,Fixed Income,545244649.7,18687686.54,3453857.58,2847472.84,241634.95,45569620.2532,567386193.82,3089107.79,564297086.03,12.383186,12.384498,-0.000106,150,637349.57,,,,,0,
2026-05-11,FIIG,Investment Grade Bond,Fixed Income,543794597.79,18869107.78,3476490.82,2766281.83,250266.61,45569620.2532,566140196.39,3016548.44,563123647.95,12.357436,12.383186,-0.002079,150,-950239.65,,,,,0,
2026-05-12,FIIG,Investment Grade Bond,Fixed Income,544893369.19,18874809.85,3725008.15,2631931.57,258915.72,45569620.2532,567493187.19,2890847.29,564602339.9,12.389885,12.357436,0.002626,150,-21006.61,,,,,0,
2026-05-13,FIIG,Investment Grade Bond,Fixed Income,544932797.22,18955737.8,3693727.9,2678165.18,267565.44,45569620.2532,567582262.92,2945730.62,564636532.3,12.390635,12.389885,6.1e-05,150,-1289596.17,,,,,0,
2026-05-14,FIIG,Investment Grade Bond,Fixed Income,544916436.54,19320468.41,3738438.6,2737818.94,276214.91,45569620.2532,567975343.55,3014033.85,564961309.7,12.397762,12.390635,0.000575,150,157270.32,,,,,0,
2026-05-15,FIIG,Investment Grade Bond,Fixed Income,546006064.37,19794537.28,3771666.49,2836202.43,284881.67,45569620.2532,569572268.14,3121084.1,566451184.04,12.430457,12.397762,0.002637,150,-859578.36,,,,,0,
2026-05-18,FIIG,Investment Grade Bond,Fixed Income,545081185.55,20350002.59,3760024.23,2644224.93,293533.75,45569620.2532,569191212.37,2937758.68,566253453.69,12.426117,12.430457,-0.000349,150,541556.34,,,,,0,
2026-05-19,FIIG,Investment Grade Bond,Fixed Income,546473214.94,20187987.55,3711108.04,2403157.74,302207.93,45569620.2532,570372310.53,2705365.67,567666944.86,12.457136,12.426117,0.002496,150,192905.51,,,,,0,
2026-05-20,FIIG,Investment Grade Bond,Fixed Income,544158940.27,20350764.74,3798015.81,2448544.51,310845.38,45569620.2532,568307720.82,2759389.89,565548330.93,12.410644,12.457136,-0.003732,150,-403659.45,,,,,0,
2026-05-21,FIIG,Investment Grade Bond,Fixed Income,544262283.07,19976357.09,3995115.42,2563613.17,319484.46,45569620.2532,568233755.58,2883097.63,565350657.95,12.406306,12.410644,-0.00035,150,-105154.97,,,,,0,
2026-05-22,FIIG,Investment Grade Bond,Fixed Income,544688697.25,19324742.06,3965933.14,2476469.1,328130.31,45569620.2532,567979372.45,2804599.41,565174773.04,12.402446,12.406306,-0.000311,150,-265026.43,,,,,0,
2026-05-26,FIIG,Investment Grade Bond,Fixed Income,547539337.68,19636410.53,3911630.63,2564672.54,336821.41,45569620.2532,571087378.84,2901493.95,568185884.89,12.468524,12.402446,0.005328,150,411549.91,,,,,0,
2026-05-27,FIIG,Investment Grade Bond,Fixed Income,547740265.47,19431004.41,4004852.87,2617340.35,345515.7,45569620.2532,571176122.75,2962856.05,568213266.7,12.469124,12.468524,4.8e-05,150,256793.16,,,,,0,
2026-05-28,FIIG,Investment Grade Bond,Fixed Income,549459483.92,-2897330.91,4191148.21,2651613.04,354237.28,45569620.2532,550753301.22,3005850.32,547747450.9,12.020014,12.469124,-0.036018,150,1808146.61,NAV MOVE BREACH,,NEGATIVE CASH,,2,NAV MOVE BREACH
2026-05-29,FIIG,Investment Grade Bond,Fixed Income,552240132.79,19478866.08,4126020.95,2600898.97,363003.0,45569620.2532,575845019.82,2963901.97,572881117.85,12.571558,12.020014,0.045886,150,-405539.63,NAV MOVE BREACH,,,,1,NAV MOVE BREACH
2026-06-01,FIIG,Investment Grade Bond,Fixed Income,553159026.88,19320869.33,4129653.13,2889630.59,371783.3,45569620.2532,576609549.34,3261413.89,573348135.45,12.581806,12.571558,0.000815,150,914271.71,,,,,0,
2026-06-02,FIIG,Investment Grade Bond,Fixed Income,553328520.2,19366639.49,4212392.97,2754690.33,380566.29,45569620.2532,576907552.66,3135256.62,573772296.04,12.591114,12.581806,0.00074,150,319220.0,,,,,0,
2026-06-03,FIIG,Investment Grade Bond,Fixed Income,554057710.21,19607311.67,4153693.0,2967619.61,389360.86,45569620.2532,577818714.88,3356980.47,574461734.41,12.606244,12.591114,0.001202,150,0.0,,,,,0,
2026-06-04,FIIG,Investment Grade Bond,Fixed Income,554516727.68,19971935.75,4381238.05,2909008.02,398162.71,45569620.2532,578869901.48,3307170.73,575562730.75,12.630404,12.606244,0.001917,150,775859.21,,,,,0,
2026-06-05,FIIG,Investment Grade Bond,Fixed Income,554359601.8,20260195.8,4466785.74,2698450.59,406962.07,45569620.2532,579086583.34,3105412.66,575981170.68,12.639587,12.630404,0.000727,150,191023.89,,,,,0,
2026-06-08,FIIG,Investment Grade Bond,Fixed Income,553499470.98,20360206.8,4525482.1,2728891.61,415747.78,45569620.2532,578385159.88,3144639.39,575240520.49,12.623334,12.639587,-0.001286,150,96346.54,,,,,0,
2026-06-09,FIIG,Investment Grade Bond,Fixed Income,553570567.22,20752335.01,4598284.44,2680003.44,424534.61,45569620.2532,578921186.67,3104538.05,575816648.62,12.635976,12.623334,0.001002,150,986060.76,,,,,0,
2026-06-10,FIIG,Investment Grade Bond,Fixed Income,555461865.4,20243429.47,4565677.37,2539895.65,433351.47,45569620.2532,580270972.24,2973247.12,577297725.12,12.668478,12.635976,0.002572,150,-1121531.11,,,,,0,
2026-06-11,FIIG,Investment Grade Bond,Fixed Income,554845545.26,20336321.79,4554363.38,2600601.63,442158.54,45569620.2532,579736230.43,3042760.17,576693470.26,12.655218,12.668478,-0.001047,150,535780.59,,,,,0,
2026-06-12,FIIG,Investment Grade Bond,Fixed Income,556504282.15,20232251.59,4360080.19,2551196.75,450991.94,45569620.2532,581096613.93,3002188.69,578094425.24,12.685961,12.655218,0.002429,150,521460.63,,,,,0,
2026-06-15,FIIG,Investment Grade Bond,Fixed Income,573310550.65,20100019.26,4313771.22,2826373.74,459818.48,45569620.2532,597724341.13,3286192.22,594438148.91,13.044615,12.685961,0.028272,150,46049.43,NAV MOVE BREACH,,,,1,NAV MOVE BREACH
2026-06-16,FIIG,Investment Grade Bond,Fixed Income,557787677.41,20241939.87,4292400.59,2808807.35,468672.26,45569620.2532,582322017.87,3277479.61,579044538.26,12.706811,13.044615,-0.025896,150,29712.39,NAV MOVE BREACH,,,,1,NAV MOVE BREACH
2026-06-17,FIIG,Investment Grade Bond,Fixed Income,559035650.76,20304652.19,4400301.5,2804262.04,477545.84,45569620.2532,583740604.45,3281807.88,580458796.57,12.737846,12.706811,0.002442,150,536955.6,,,,,0,
2026-06-18,FIIG,Investment Grade Bond,Fixed Income,560581785.44,20477350.2,4546743.4,2422356.72,486443.96,45569620.2532,585605879.04,2908800.68,582697078.36,12.786964,12.737846,0.003856,150,1490183.05,,,,,0,
2026-06-19,FIIG,Investment Grade Bond,Fixed Income,562433337.68,20194058.43,4644475.57,2288163.3,495371.48,45569620.2532,587271871.68,2783534.78,584488336.9,12.826272,12.786964,0.003074,150,-1487136.91,,,,,0,
2026-06-22,FIIG,Investment Grade Bond,Fixed Income,562245535.16,20260665.81,4760330.74,2354286.04,504296.01,45569620.2532,587266531.71,2858582.05,584407949.66,12.824508,12.826272,-0.000138,150,-65315.39,,,,,0,
2026-06-23,FIIG,Investment Grade Bond,Fixed Income,566141651.38,20381491.14,4820641.88,2513356.83,513282.38,45569620.2532,591343784.4,3026639.21,588317145.19,12.910293,12.824508,0.006689,150,65284.8,,,,,0,
2026-06-24,FIIG,Investment Grade Bond,Fixed Income,567267392.7,20032984.96,5052609.65,2362286.25,522286.63,45569620.2532,592352987.31,2884572.88,589468414.43,12.935557,12.910293,0.001957,150,682107.78,,,,,0,
2026-06-25,FIIG,Investment Grade Bond,Fixed Income,567278972.12,20145293.89,5096464.59,2419777.7,531291.06,45569620.2532,592520730.6,2951068.76,589569661.84,12.937779,12.935557,0.000172,150,830285.52,,,,,0,
2026-06-26,FIIG,Investment Grade Bond,Fixed Income,567004614.12,20463535.97,5255864.21,2251553.17,540291.13,45569620.2532,592724014.3,2791844.3,589932170.0,12.945734,12.937779,0.000615,150,24618.64,,,,,0,
2026-06-29,FIIG,Investment Grade Bond,Fixed Income,566645599.38,20918301.84,5232129.51,2267205.3,549285.5,45569620.2532,592796030.73,2816490.8,589979539.93,12.946773,12.945734,8e-05,150,-67404.49,,,,,0,
2026-06-30,FIIG,Investment Grade Bond,Fixed Income,565019570.03,20370081.14,5433337.92,2145847.46,558254.07,45569620.2532,590822989.09,2704101.53,588118887.56,12.905942,12.946773,-0.003154,150,0.0,,,,,0,
2026-04-01,MMUS,USD Liquidity Fund,Money Market,810099403.22,24281405.06,4841641.44,4003960.66,5786.42,810000000.0,839222449.72,4009747.08,835212702.64,1.031127,,,10,-1524820.66,,,,,0,
2026-04-02,MMUS,USD Liquidity Fund,Money Market,810384762.22,24271437.04,4833586.45,4012968.81,11574.89,810000000.0,839489785.71,4024543.7,835465242.01,1.031439,1.031127,0.000302,10,-916896.58,,,,,0,
2026-04-03,MMUS,USD Liquidity Fund,Money Market,810525133.88,24325364.26,4832800.16,4010362.27,17364.35,810000000.0,839683298.3,4027726.62,835655571.68,1.031674,1.031439,0.000228,10,0.0,,,,,0,
2026-04-06,MMUS,USD Liquidity Fund,Money Market,810504631.01,24339636.5,4847487.2,3997241.22,23153.67,810000000.0,839691754.71,4020394.89,835671359.82,1.031693,1.031674,1.9e-05,10,1773464.42,,,,,0,
2026-04-07,MMUS,USD Liquidity Fund,Money Market,810517377.45,24309737.87,4808265.65,4011634.76,28943.08,810000000.0,839635380.97,4040577.84,835594803.13,1.031599,1.031693,-9.2e-05,10,1047875.12,,,,,0,
2026-04-08,MMUS,USD Liquidity Fund,Money Market,810544447.22,24331459.36,4783095.98,4003192.33,34732.68,810000000.0,839659002.56,4037925.01,835621077.55,1.031631,1.031599,3.1e-05,10,1501025.27,,,,,0,
2026-04-09,MMUS,USD Liquidity Fund,Money Market,810608246.46,24278391.71,4791034.31,4002929.6,40522.74,810000000.0,839677672.48,4043452.34,835634220.14,1.031647,1.031631,1.6e-05,10,-1685782.76,,,,,0,
2026-04-10,MMUS,USD Liquidity Fund,Money Market,810505365.43,24242474.64,4793677.49,4021041.09,46312.07,810000000.0,839541517.56,4067353.16,835474164.4,1.03145,1.031647,-0.000192,10,-702956.75,,,,,0,
2026-04-13,MMUS,USD Liquidity Fund,Money Market,810591087.15,24273129.86,4797044.92,4015516.18,52102.0,810000000.0,839661261.93,4067618.18,835593643.75,1.031597,1.03145,0.000143,10,-724754.2,,,,,0,
2026-04-14,MMUS,USD Liquidity Fund,Money Market,810433485.71,24150032.48,4803188.3,4029387.03,57890.81,810000000.0,839386706.49,4087277.84,835299428.65,1.031234,1.031597,-0.000352,10,0.0,,,,,0,
2026-04-15,MMUS,USD Liquidity Fund,Money Market,810550051.05,24236891.15,4804216.23,4018164.93,63680.46,810000000.0,839591158.43,4081845.39,835509313.04,1.031493,1.031234,0.000251,10,-1321790.23,,,,,0,
2026-04-16,MMUS,USD Liquidity Fund,Money Market,810461544.79,24201858.94,4795866.74,4002273.45,69469.47,810000000.0,839459270.47,4071742.92,835387527.55,1.031343,1.031493,-0.000146,10,-1247352.96,,,,,0,
2026-04-17,MMUS,USD Liquidity Fund,Money Market,810530122.68,24193679.79,4791542.11,3977271.84,75258.97,810000000.0,839515344.58,4052530.81,835462813.77,1.031436,1.031343,9e-05,10,1008735.64,,,,,0,
2026-04-20,MMUS,USD Liquidity Fund,Money Market,810517076.41,24322693.78,4796307.87,3965021.03,81048.38,810000000.0,839636078.06,4046069.41,835590008.65,1.031593,1.031436,0.000152,10,-1356684.71,,,,,0,
2026-04-21,MMUS,USD Liquidity Fund,Money Market,810551648.27,24265441.31,4811414.11,3954358.85,86838.03,810000000.0,839628503.69,4041196.88,835587306.81,1.031589,1.031593,-3e-06,10,939522.61,,,,,0,
2026-04-22,MMUS,USD Liquidity Fund,Money Market,810495343.8,24315668.62,4812179.82,3967907.55,92627.28,810000000.0,839623192.24,4060534.83,835562657.41,1.031559,1.031589,-2.9e-05,10,1200160.3,,,,,0,
2026-04-23,MMUS,USD Liquidity Fund,Money Market,810407234.88,24354759.65,4806230.6,3960933.8,98415.91,810000000.0,839568225.13,4059349.71,835508875.42,1.031492,1.031559,-6.4e-05,10,-1025426.77,,,,,0,
2026-04-24,MMUS,USD Liquidity Fund,Money Market,810757740.05,24322017.68,4808702.04,3985546.3,104207.03,810000000.0,839888459.77,4089753.33,835798706.44,1.03185,1.031492,0.000347,10,-399474.7,,,,,0,
2026-04-27,MMUS,USD Liquidity Fund,Money Market,810601686.45,24334695.53,4804742.48,4000759.86,109997.05,810000000.0,839741124.46,4110756.91,835630367.55,1.031642,1.03185,-0.000201,10,-1072161.97,,,,,0,
2026-04-28,MMUS,USD Liquidity Fund,Money Market,810711868.81,24351209.61,4808547.36,3995577.34,115787.84,810000000.0,839871625.78,4111365.18,835760260.6,1.031803,1.031642,0.000155,10,673208.96,,,,,0,
2026-04-29,MMUS,USD Liquidity Fund,Money Market,810755397.71,24405929.54,4792484.35,4014275.13,121578.95,810000000.0,839953811.6,4135854.08,835817957.52,1.031874,1.031803,6.9e-05,10,1466434.91,,,,,0,
2026-04-30,MMUS,USD Liquidity Fund,Money Market,810427551.75,24371430.71,4811568.81,4012281.21,127367.72,810000000.0,839610551.27,4139648.93,835470902.34,1.031446,1.031874,-0.000415,10,-198245.55,,,,,0,
2026-05-01,MMUS,USD Liquidity Fund,Money Market,810580012.63,24398174.13,4808600.51,4007089.21,133157.58,810000000.0,839786787.27,4140246.79,835646540.48,1.031662,1.031446,0.00021,10,348211.08,,,,,0,
2026-05-04,MMUS,USD Liquidity Fund,Money Market,810858102.48,24393476.72,4829989.08,4033135.37,138949.42,810000000.0,840081568.28,4172084.79,835909483.49,1.031987,1.031662,0.000315,10,1435931.89,,,,,0,
2026-05-05,MMUS,USD Liquidity Fund,Money Market,810939793.2,24394953.21,4815818.72,4038802.41,144741.85,810000000.0,840150565.13,4183544.26,835967020.87,1.032058,1.031987,6.9e-05,10,-1706222.34,,,,,0,
2026-05-06,MMUS,USD Liquidity Fund,Money Market,810880656.67,24401330.07,4820061.79,4034309.07,150533.86,810000000.0,840102048.53,4184842.93,835917205.6,1.031997,1.032058,-6e-05,10,1074405.54,,,,,0,
2026-05-07,MMUS,USD Liquidity Fund,Money Market,811038177.91,24351488.21,4823048.11,4066543.68,156326.99,810000000.0,840212714.23,4222870.67,835989843.56,1.032086,1.031997,8.7e-05,10,-44129.23,,,,,0,
2026-05-08,MMUS,USD Liquidity Fund,Money Market,811137758.45,24361761.41,4829328.47,4074978.94,162120.83,810000000.0,840328848.33,4237099.77,836091748.56,1.032212,1.032086,0.000122,10,-290793.29,,,,,0,
2026-05-11,MMUS,USD Liquidity Fund,Money Market,811220465.08,24354459.77,4840733.0,4106218.9,167915.26,810000000.0,840415657.85,4274134.16,836141523.69,1.032273,1.032212,6e-05,10,600080.0,,,,,0,
2026-05-12,MMUS,USD Liquidity Fund,Money Market,811416306.79,24355455.36,4806642.84,4120962.44,173711.09,810000000.0,840578404.99,4294673.53,836283731.46,1.032449,1.032273,0.00017,10,-358673.85,,,,,0,
2026-05-13,MMUS,USD Liquidity Fund,Money Market,811486409.96,24365288.97,4818572.33,4114250.65,179507.42,810000000.0,840670271.26,4293758.07,836376513.19,1.032564,1.032449,0.000111,10,810994.93,,,,,0,
2026-05-14,MMUS,USD Liquidity Fund,Money Market,811622546.63,24394348.85,4804196.24,4132569.02,185304.72,810000000.0,840821091.72,4317873.74,836503217.98,1.03272,1.032564,0.000151,10,-1159935.97,,,,,0,
2026-05-15,MMUS,USD Liquidity Fund,Money Market,811698398.81,24471231.22,4801017.49,4127284.44,191102.57,810000000.0,840970647.52,4318387.01,836652260.51,1.032904,1.03272,0.000178,10,332257.33,,,,,0,
2026-05-18,MMUS,USD Liquidity Fund,Money Market,811844495.09,24410026.12,4784773.09,4110689.51,196901.46,810000000.0,841039294.3,4307590.97,836731703.33,1.033002,1.032904,9.5e-05,10,-519457.53,,,,,0,
2026-05-19,MMUS,USD Liquidity Fund,Money Market,811843772.67,24403151.55,4785906.26,4129551.12,202700.34,810000000.0,841032830.48,4332251.46,836700579.02,1.032964,1.033002,-3.7e-05,10,-860386.76,,,,,0,
2026-05-20,MMUS,USD Liquidity Fund,Money Market,812018351.17,24428744.08,4790014.29,4146696.49,208500.47,810000000.0,841237109.54,4355196.96,836881912.58,1.033188,1.032964,0.000217,10,-1251986.91,,,,,0,
2026-05-21,MMUS,USD Liquidity Fund,Money Market,811928367.25,24351719.86,4797784.68,4168543.22,214299.96,810000000.0,841077871.79,4382843.18,836695028.61,1.032957,1.033188,-0.000223,10,-901611.18,,,,,0,
2026-05-22,MMUS,USD Liquidity Fund,Money Market,812206416.71,24413458.35,4826067.51,4182025.98,220101.44,810000000.0,841445942.57,4402127.42,837043815.15,1.033387,1.032957,0.000417,10,802321.5,,,,,0,
2026-05-26,MMUS,USD Liquidity Fund,Money Market,812182690.13,24378501.65,4861190.57,4179046.78,225902.74,810000000.0,841422382.35,4404949.52,837017432.83,1.033355,1.033387,-3.2e-05,10,-290618.4,,,,,0,
2026-05-27,MMUS,USD Liquidity Fund,Money Market,812206016.41,24448038.35,4851215.79,4182328.03,231704.21,810000000.0,841505270.55,4414032.24,837091238.31,1.033446,1.033355,8.8e-05,10,7318.59,,,,,0,
2026-05-28,MMUS,USD Liquidity Fund,Money Market,812122884.03,24444032.08,4843746.33,4170653.34,237505.09,810000000.0,841410662.44,4408158.43,837002504.01,1.033336,1.033446,-0.000106,10,-573952.93,,,,,0,
2026-05-29,MMUS,USD Liquidity Fund,Money Market,811894722.92,24468018.94,4843724.15,4145814.05,243304.34,810000000.0,841206466.01,4389118.39,836817347.62,1.033108,1.033336,-0.000221,10,428448.78,,,,,0,
2026-06-01,MMUS,USD Liquidity Fund,Money Market,811962788.03,24524490.01,4813678.82,4148029.55,249104.07,810000000.0,841300956.86,4397133.62,836903823.24,1.033215,1.033108,0.000103,10,-672813.09,,,,,0,
2026-06-02,MMUS,USD Liquidity Fund,Money Market,812013648.83,24495495.74,4808798.82,4135361.71,254904.17,810000000.0,841317943.39,4390265.88,836927677.51,1.033244,1.033215,2.9e-05,10,1107890.26,,,,,0,
2026-06-03,MMUS,USD Liquidity Fund,Money Market,812338647.66,24502835.92,4799214.17,4112423.86,260706.59,810000000.0,841640697.75,4373130.45,837267567.3,1.033664,1.033244,0.000406,10,0.0,,,,,0,
2026-06-04,MMUS,USD Liquidity Fund,Money Market,812398293.89,24525299.41,4773875.42,4127268.37,266509.44,810000000.0,841697468.72,4393777.81,837303690.91,1.033708,1.033664,4.3e-05,10,-519327.91,,,,,0,
2026-06-05,MMUS,USD Liquidity Fund,Money Market,812676494.92,24570139.97,4771145.63,4114196.71,272314.27,810000000.0,842017780.52,4386510.98,837631269.54,1.034113,1.033708,0.000391,10,-7234.39,,,,,0,
2026-06-08,MMUS,USD Liquidity Fund,Money Market,812658432.33,24529481.88,4768906.25,4115354.35,278118.97,810000000.0,841956820.46,4393473.32,837563347.14,1.034029,1.034113,-8.1e-05,10,441592.29,,,,,0,
2026-06-09,MMUS,USD Liquidity Fund,Money Market,812702097.23,24548758.18,4751439.09,4138508.83,283923.99,810000000.0,842002294.5,4422432.82,837579861.68,1.034049,1.034029,2e-05,10,-31622.67,,,,,0,
2026-06-10,MMUS,USD Liquidity Fund,Money Market,812833464.74,24562204.6,4767701.96,4143845.47,289729.94,810000000.0,842163371.3,4433575.41,837729795.89,1.034234,1.034049,0.000179,10,-836388.77,,,,,0,
2026-06-11,MMUS,USD Liquidity Fund,Money Market,812663789.62,24561488.49,4766166.62,4139597.88,295534.68,810000000.0,841991444.73,4435132.56,837556312.17,1.03402,1.034234,-0.000207,10,604061.54,,,,,0,
2026-06-12,MMUS,USD Liquidity Fund,Money Market,812590857.13,24563056.46,4768336.84,4122524.79,301338.9,810000000.0,841922250.43,4423863.69,837498386.74,1.033949,1.03402,-6.9e-05,10,1959268.02,,,,,0,
2026-06-15,MMUS,USD Liquidity Fund,Money Market,812764663.35,24585670.72,4758852.13,4152264.76,307144.36,810000000.0,842109186.2,4459409.12,837649777.08,1.034136,1.033949,0.000181,10,-1466966.37,,,,,0,
2026-06-16,MMUS,USD Liquidity Fund,Money Market,812943566.24,24563823.61,4782539.55,4149113.27,312951.1,810000000.0,842289929.4,4462064.37,837827865.03,1.034355,1.034136,0.000213,10,129663.45,,,,,0,
2026-06-17,MMUS,USD Liquidity Fund,Money Market,812937988.02,24596611.9,4795407.87,4120655.83,318757.8,810000000.0,842330007.79,4439413.63,837890594.16,1.034433,1.034355,7.5e-05,10,1996818.72,,,,,0,
2026-06-18,MMUS,USD Liquidity Fund,Money Market,813122125.99,24647990.7,4778752.3,4114908.36,324565.82,810000000.0,842548868.99,4439474.18,838109394.81,1.034703,1.034433,0.000261,10,-456505.36,,,,,0,
2026-06-19,MMUS,USD Liquidity Fund,Money Market,813088294.53,24678661.82,4799861.41,4137433.43,330373.59,810000000.0,842566817.76,4467807.02,838099010.74,1.03469,1.034703,-1.2e-05,10,-279010.63,,,,,0,
2026-06-22,MMUS,USD Liquidity Fund,Money Market,812830799.52,24638094.59,4814026.57,4162387.07,336179.53,810000000.0,842282920.68,4498566.6,837784354.08,1.034302,1.03469,-0.000375,10,-120114.35,,,,,0,
2026-06-23,MMUS,USD Liquidity Fund,Money Market,812842763.46,24649843.58,4800935.82,4169342.23,341985.54,810000000.0,842293542.86,4511327.77,837782215.09,1.034299,1.034302,-3e-06,10,-366694.88,,,,,0,
2026-06-24,MMUS,USD Liquidity Fund,Money Market,812947828.95,24653290.79,4794461.2,4168099.01,347792.31,810000000.0,842395580.94,4515891.32,837879689.62,1.034419,1.034299,0.000116,10,324791.03,,,,,0,
2026-06-25,MMUS,USD Liquidity Fund,Money Market,812922010.37,24717486.6,4803428.6,4163162.58,353598.9,810000000.0,842442925.57,4516761.48,837926164.09,1.034477,1.034419,5.5e-05,10,1055872.85,,,,,0,
2026-06-26,MMUS,USD Liquidity Fund,Money Market,813129000.58,24738808.63,4802906.67,4171503.66,359406.97,810000000.0,842670715.88,4530910.63,838139805.25,1.034741,1.034477,0.000255,10,0.0,,,,,0,
2026-06-29,MMUS,USD Liquidity Fund,Money Market,812951100.15,24739206.43,4830024.86,4206869.76,365213.76,810000000.0,842520331.44,4572083.52,837948247.92,1.034504,1.034741,-0.000229,10,254933.24,,,,,0,
2026-06-30,MMUS,USD Liquidity Fund,Money Market,812674524.79,24708739.01,4815577.4,4195347.59,371018.58,810000000.0,842198841.2,4566366.17,837632475.03,1.034114,1.034504,-0.000377,10,338196.91,,,,,0,
